song	album_name	release_date	popularity	duration	danceability	date	rank
tim mcgraw	Taylor Swift	2006-10-24	63.0	232106.0	0.58	2006-09-23	86.0
tim mcgraw	Taylor Swift	2006-10-24	63.0	232106.0	0.58	2006-09-30	87.0
tim mcgraw	Taylor Swift	2006-10-24	63.0	232106.0	0.58	2006-10-07	77.0
tim mcgraw	Taylor Swift	2006-10-24	63.0	232106.0	0.58	2006-10-14	72.0
tim mcgraw	Taylor Swift	2006-10-24	63.0	232106.0	0.58	2006-10-21	68.0
tim mcgraw	Taylor Swift	2006-10-24	63.0	232106.0	0.58	2006-10-28	65.0
tim mcgraw	Taylor Swift	2006-10-24	63.0	232106.0	0.58	2006-11-04	61.0
tim mcgraw	Taylor Swift	2006-10-24	63.0	232106.0	0.58	2006-11-11	51.0
tim mcgraw	Taylor Swift	2006-10-24	63.0	232106.0	0.58	2006-11-18	51.0
tim mcgraw	Taylor Swift	2006-10-24	63.0	232106.0	0.58	2006-11-25	47.0
tim mcgraw	Taylor Swift	2006-10-24	63.0	232106.0	0.58	2006-12-02	48.0
tim mcgraw	Taylor Swift	2006-10-24	63.0	232106.0	0.58	2006-12-09	45.0
tim mcgraw	Taylor Swift	2006-10-24	63.0	232106.0	0.58	2006-12-16	44.0
tim mcgraw	Taylor Swift	2006-10-24	63.0	232106.0	0.58	2006-12-23	46.0
tim mcgraw	Taylor Swift	2006-10-24	63.0	232106.0	0.58	2006-12-30	45.0
tim mcgraw	Taylor Swift	2006-10-24	63.0	232106.0	0.58	2007-01-06	48.0
tim mcgraw	Taylor Swift	2006-10-24	63.0	232106.0	0.58	2007-01-13	40.0
tim mcgraw	Taylor Swift	2006-10-24	63.0	232106.0	0.58	2007-01-20	43.0
tim mcgraw	Taylor Swift	2006-10-24	63.0	232106.0	0.58	2007-01-27	40.0
tim mcgraw	Taylor Swift	2006-10-24	63.0	232106.0	0.58	2007-02-03	43.0
teardrops on my guitar	Taylor Swift	2006-10-24	66.0	203040.0	0.621	2007-03-24	93.0
teardrops on my guitar	Taylor Swift	2006-10-24	66.0	203040.0	0.621	2007-03-31	77.0
teardrops on my guitar	Taylor Swift	2006-10-24	66.0	203040.0	0.621	2007-04-07	78.0
teardrops on my guitar	Taylor Swift	2006-10-24	66.0	203040.0	0.621	2007-04-14	70.0
teardrops on my guitar	Taylor Swift	2006-10-24	66.0	203040.0	0.621	2007-04-21	60.0
teardrops on my guitar	Taylor Swift	2006-10-24	66.0	203040.0	0.621	2007-04-28	52.0
teardrops on my guitar	Taylor Swift	2006-10-24	66.0	203040.0	0.621	2007-05-05	56.0
teardrops on my guitar	Taylor Swift	2006-10-24	66.0	203040.0	0.621	2007-05-12	53.0
teardrops on my guitar	Taylor Swift	2006-10-24	66.0	203040.0	0.621	2007-05-19	50.0
teardrops on my guitar	Taylor Swift	2006-10-24	66.0	203040.0	0.621	2007-05-26	51.0
teardrops on my guitar	Taylor Swift	2006-10-24	66.0	203040.0	0.621	2007-06-02	44.0
teardrops on my guitar	Taylor Swift	2006-10-24	66.0	203040.0	0.621	2007-06-09	46.0
teardrops on my guitar	Taylor Swift	2006-10-24	66.0	203040.0	0.621	2007-06-16	49.0
teardrops on my guitar	Taylor Swift	2006-10-24	66.0	203040.0	0.621	2007-06-23	42.0
teardrops on my guitar	Taylor Swift	2006-10-24	66.0	203040.0	0.621	2007-06-30	42.0
teardrops on my guitar	Taylor Swift	2006-10-24	66.0	203040.0	0.621	2007-07-07	45.0
teardrops on my guitar	Taylor Swift	2006-10-24	66.0	203040.0	0.621	2007-07-14	42.0
teardrops on my guitar	Taylor Swift	2006-10-24	66.0	203040.0	0.621	2007-07-21	41.0
teardrops on my guitar	Taylor Swift	2006-10-24	66.0	203040.0	0.621	2007-07-28	40.0
teardrops on my guitar	Taylor Swift	2006-10-24	66.0	203040.0	0.621	2007-08-04	39.0
teardrops on my guitar	Taylor Swift	2006-10-24	66.0	203040.0	0.621	2007-08-11	33.0
teardrops on my guitar	Taylor Swift	2006-10-24	66.0	203040.0	0.621	2007-08-18	34.0
teardrops on my guitar	Taylor Swift	2006-10-24	66.0	203040.0	0.621	2007-08-25	38.0
teardrops on my guitar	Taylor Swift	2006-10-24	66.0	203040.0	0.621	2007-09-01	49.0
teardrops on my guitar	Taylor Swift	2006-10-24	66.0	203040.0	0.621	2007-09-08	50.0
our song	Taylor Swift	2006-10-24	70.0	201106.0	0.668	2007-10-13	86.0
our song	Taylor Swift	2006-10-24	70.0	201106.0	0.668	2007-10-20	67.0
our song	Taylor Swift	2006-10-24	70.0	201106.0	0.668	2007-10-27	56.0
our song	Taylor Swift	2006-10-24	70.0	201106.0	0.668	2007-11-03	46.0
our song	Taylor Swift	2006-10-24	70.0	201106.0	0.668	2007-11-10	39.0
our song	Taylor Swift	2006-10-24	70.0	201106.0	0.668	2007-11-17	36.0
our song	Taylor Swift	2006-10-24	70.0	201106.0	0.668	2007-11-24	24.0
our song	Taylor Swift	2006-10-24	70.0	201106.0	0.668	2007-12-01	28.0
our song	Taylor Swift	2006-10-24	70.0	201106.0	0.668	2007-12-08	23.0
teardrops on my guitar	Taylor Swift	2006-10-24	66.0	203040.0	0.621	2007-12-15	44.0
our song	Taylor Swift	2006-10-24	70.0	201106.0	0.668	2007-12-15	24.0
teardrops on my guitar	Taylor Swift	2006-10-24	66.0	203040.0	0.621	2007-12-22	30.0
our song	Taylor Swift	2006-10-24	70.0	201106.0	0.668	2007-12-22	22.0
teardrops on my guitar	Taylor Swift	2006-10-24	66.0	203040.0	0.621	2007-12-29	24.0
our song	Taylor Swift	2006-10-24	70.0	201106.0	0.668	2007-12-29	21.0
teardrops on my guitar	Taylor Swift	2006-10-24	66.0	203040.0	0.621	2008-01-05	23.0
our song	Taylor Swift	2006-10-24	70.0	201106.0	0.668	2008-01-05	26.0
teardrops on my guitar	Taylor Swift	2006-10-24	66.0	203040.0	0.621	2008-01-12	19.0
our song	Taylor Swift	2006-10-24	70.0	201106.0	0.668	2008-01-12	17.0
teardrops on my guitar	Taylor Swift	2006-10-24	66.0	203040.0	0.621	2008-01-19	18.0
our song	Taylor Swift	2006-10-24	70.0	201106.0	0.668	2008-01-19	16.0
teardrops on my guitar	Taylor Swift	2006-10-24	66.0	203040.0	0.621	2008-01-26	17.0
our song	Taylor Swift	2006-10-24	70.0	201106.0	0.668	2008-01-26	20.0
teardrops on my guitar	Taylor Swift	2006-10-24	66.0	203040.0	0.621	2008-02-02	14.0
our song	Taylor Swift	2006-10-24	70.0	201106.0	0.668	2008-02-02	16.0
teardrops on my guitar	Taylor Swift	2006-10-24	66.0	203040.0	0.621	2008-02-09	15.0
our song	Taylor Swift	2006-10-24	70.0	201106.0	0.668	2008-02-09	24.0
teardrops on my guitar	Taylor Swift	2006-10-24	66.0	203040.0	0.621	2008-02-16	15.0
our song	Taylor Swift	2006-10-24	70.0	201106.0	0.668	2008-02-16	31.0
teardrops on my guitar	Taylor Swift	2006-10-24	66.0	203040.0	0.621	2008-02-23	15.0
our song	Taylor Swift	2006-10-24	70.0	201106.0	0.668	2008-02-23	29.0
picture to burn	Taylor Swift	2006-10-24	67.0	173066.0	0.658	2008-03-01	91.0
teardrops on my guitar	Taylor Swift	2006-10-24	66.0	203040.0	0.621	2008-03-01	13.0
our song	Taylor Swift	2006-10-24	70.0	201106.0	0.668	2008-03-01	30.0
picture to burn	Taylor Swift	2006-10-24	67.0	173066.0	0.658	2008-03-08	83.0
teardrops on my guitar	Taylor Swift	2006-10-24	66.0	203040.0	0.621	2008-03-08	16.0
our song	Taylor Swift	2006-10-24	70.0	201106.0	0.668	2008-03-08	35.0
picture to burn	Taylor Swift	2006-10-24	67.0	173066.0	0.658	2008-03-15	73.0
teardrops on my guitar	Taylor Swift	2006-10-24	66.0	203040.0	0.621	2008-03-15	22.0
our song	Taylor Swift	2006-10-24	70.0	201106.0	0.668	2008-03-15	39.0
picture to burn	Taylor Swift	2006-10-24	67.0	173066.0	0.658	2008-03-22	64.0
teardrops on my guitar	Taylor Swift	2006-10-24	66.0	203040.0	0.621	2008-03-22	20.0
our song	Taylor Swift	2006-10-24	70.0	201106.0	0.668	2008-03-22	39.0
picture to burn	Taylor Swift	2006-10-24	67.0	173066.0	0.658	2008-03-29	55.0
teardrops on my guitar	Taylor Swift	2006-10-24	66.0	203040.0	0.621	2008-03-29	22.0
our song	Taylor Swift	2006-10-24	70.0	201106.0	0.668	2008-03-29	39.0
picture to burn	Taylor Swift	2006-10-24	67.0	173066.0	0.658	2008-04-05	51.0
teardrops on my guitar	Taylor Swift	2006-10-24	66.0	203040.0	0.621	2008-04-05	22.0
our song	Taylor Swift	2006-10-24	70.0	201106.0	0.668	2008-04-05	39.0
picture to burn	Taylor Swift	2006-10-24	67.0	173066.0	0.658	2008-04-12	45.0
teardrops on my guitar	Taylor Swift	2006-10-24	66.0	203040.0	0.621	2008-04-12	26.0
our song	Taylor Swift	2006-10-24	70.0	201106.0	0.668	2008-04-12	33.0
picture to burn	Taylor Swift	2006-10-24	67.0	173066.0	0.658	2008-04-19	44.0
teardrops on my guitar	Taylor Swift	2006-10-24	66.0	203040.0	0.621	2008-04-19	26.0
our song	Taylor Swift	2006-10-24	70.0	201106.0	0.668	2008-04-19	28.0
picture to burn	Taylor Swift	2006-10-24	67.0	173066.0	0.658	2008-04-26	36.0
teardrops on my guitar	Taylor Swift	2006-10-24	66.0	203040.0	0.621	2008-04-26	29.0
our song	Taylor Swift	2006-10-24	70.0	201106.0	0.668	2008-04-26	28.0
picture to burn	Taylor Swift	2006-10-24	67.0	173066.0	0.658	2008-05-03	29.0
teardrops on my guitar	Taylor Swift	2006-10-24	66.0	203040.0	0.621	2008-05-03	38.0
our song	Taylor Swift	2006-10-24	70.0	201106.0	0.668	2008-05-03	28.0
picture to burn	Taylor Swift	2006-10-24	67.0	173066.0	0.658	2008-05-10	29.0
teardrops on my guitar	Taylor Swift	2006-10-24	66.0	203040.0	0.621	2008-05-10	48.0
our song	Taylor Swift	2006-10-24	70.0	201106.0	0.668	2008-05-10	31.0
picture to burn	Taylor Swift	2006-10-24	67.0	173066.0	0.658	2008-05-17	28.0
teardrops on my guitar	Taylor Swift	2006-10-24	66.0	203040.0	0.621	2008-05-17	49.0
our song	Taylor Swift	2006-10-24	70.0	201106.0	0.668	2008-05-17	29.0
picture to burn	Taylor Swift	2006-10-24	67.0	173066.0	0.658	2008-05-24	36.0
our song	Taylor Swift	2006-10-24	70.0	201106.0	0.668	2008-05-24	34.0
picture to burn	Taylor Swift	2006-10-24	67.0	173066.0	0.658	2008-05-31	52.0
our song	Taylor Swift	2006-10-24	70.0	201106.0	0.668	2008-05-31	39.0
picture to burn	Taylor Swift	2006-10-24	67.0	173066.0	0.658	2008-06-07	71.0
should've said no	Taylor Swift	2006-10-24	64.0	242200.0	0.476	2008-06-07	84.0
our song	Taylor Swift	2006-10-24	70.0	201106.0	0.668	2008-06-07	48.0
picture to burn	Taylor Swift	2006-10-24	67.0	173066.0	0.658	2008-06-14	67.0
should've said no	Taylor Swift	2006-10-24	64.0	242200.0	0.476	2008-06-14	84.0
our song	Taylor Swift	2006-10-24	70.0	201106.0	0.668	2008-06-14	48.0
picture to burn	Taylor Swift	2006-10-24	67.0	173066.0	0.658	2008-06-21	74.0
should've said no	Taylor Swift	2006-10-24	64.0	242200.0	0.476	2008-06-21	75.0
picture to burn	Taylor Swift	2006-10-24	67.0	173066.0	0.658	2008-06-28	80.0
should've said no	Taylor Swift	2006-10-24	64.0	242200.0	0.476	2008-06-28	65.0
picture to burn	Taylor Swift	2006-10-24	67.0	173066.0	0.658	2008-07-05	82.0
should've said no	Taylor Swift	2006-10-24	64.0	242200.0	0.476	2008-07-05	64.0
picture to burn	Taylor Swift	2006-10-24	67.0	173066.0	0.658	2008-07-12	89.0
should've said no	Taylor Swift	2006-10-24	64.0	242200.0	0.476	2008-07-12	55.0
should've said no	Taylor Swift	2006-10-24	64.0	242200.0	0.476	2008-07-19	46.0
should've said no	Taylor Swift	2006-10-24	64.0	242200.0	0.476	2008-07-26	38.0
should've said no	Taylor Swift	2006-10-24	64.0	242200.0	0.476	2008-08-02	34.0
should've said no	Taylor Swift	2006-10-24	64.0	242200.0	0.476	2008-08-09	33.0
should've said no	Taylor Swift	2006-10-24	64.0	242200.0	0.476	2008-08-16	38.0
should've said no	Taylor Swift	2006-10-24	64.0	242200.0	0.476	2008-08-23	37.0
change	Fearless Platinum Edition	2008-11-11	41.0	281053.0	0.548	2008-08-30	10.0
should've said no	Taylor Swift	2006-10-24	64.0	242200.0	0.476	2008-08-30	35.0
change	Fearless Platinum Edition	2008-11-11	41.0	281053.0	0.548	2008-09-06	39.0
should've said no	Taylor Swift	2006-10-24	64.0	242200.0	0.476	2008-09-06	40.0
change	Fearless Platinum Edition	2008-11-11	41.0	281053.0	0.548	2008-09-13	100.0
should've said no	Taylor Swift	2006-10-24	64.0	242200.0	0.476	2008-09-13	51.0
should've said no	Taylor Swift	2006-10-24	64.0	242200.0	0.476	2008-09-20	61.0
love story	Fearless Platinum Edition	2008-11-11	51.0	235280.0	0.618	2008-09-27	16.0
should've said no	Taylor Swift	2006-10-24	64.0	242200.0	0.476	2008-09-27	66.0
love story	Fearless Platinum Edition	2008-11-11	51.0	235280.0	0.618	2008-10-04	5.0
should've said no	Taylor Swift	2006-10-24	64.0	242200.0	0.476	2008-10-04	83.0
love story	Fearless Platinum Edition	2008-11-11	51.0	235280.0	0.618	2008-10-11	9.0
should've said no	Taylor Swift	2006-10-24	64.0	242200.0	0.476	2008-10-11	82.0
love story	Fearless Platinum Edition	2008-11-11	51.0	235280.0	0.618	2008-10-18	13.0
should've said no	Taylor Swift	2006-10-24	64.0	242200.0	0.476	2008-10-18	90.0
love story	Fearless Platinum Edition	2008-11-11	51.0	235280.0	0.618	2008-10-25	14.0
fearless	Fearless Platinum Edition	2008-11-11	46.0	242000.0	0.598	2008-11-01	9.0
love story	Fearless Platinum Edition	2008-11-11	51.0	235280.0	0.618	2008-11-01	14.0
fearless	Fearless Platinum Edition	2008-11-11	46.0	242000.0	0.598	2008-11-08	38.0
love story	Fearless Platinum Edition	2008-11-11	51.0	235280.0	0.618	2008-11-08	15.0
fearless	Fearless Platinum Edition	2008-11-11	46.0	242000.0	0.598	2008-11-15	79.0
love story	Fearless Platinum Edition	2008-11-11	51.0	235280.0	0.618	2008-11-15	16.0
you're not sorry	Fearless Platinum Edition	2008-11-11	43.0	261800.0	0.459	2008-11-15	11.0
fearless	Fearless Platinum Edition	2008-11-11	46.0	242000.0	0.598	2008-11-22	98.0
love story	Fearless Platinum Edition	2008-11-11	51.0	235280.0	0.618	2008-11-22	14.0
you belong with me	Fearless Platinum Edition	2008-11-11	52.0	231146.0	0.687	2008-11-22	12.0
you're not sorry	Fearless Platinum Edition	2008-11-11	43.0	261800.0	0.459	2008-11-22	35.0
forever & always	Fearless Platinum Edition	2008-11-11	45.0	267506.0	0.592	2008-11-29	49.0
fifteen	Fearless Platinum Edition	2008-11-11	46.0	294346.0	0.559	2008-11-29	79.0
love story	Fearless Platinum Edition	2008-11-11	51.0	235280.0	0.618	2008-11-29	18.0
hey stephen	Fearless Platinum Edition	2008-11-11	44.0	254320.0	0.843	2008-11-29	94.0
white horse	Fearless Platinum Edition	2008-11-11	45.0	234440.0	0.585	2008-11-29	13.0
breathe	Fearless Platinum Edition	2008-11-11	46.0	263986.0	0.498	2008-11-29	87.0
the way i loved you	Fearless Platinum Edition	2008-11-11	46.0	244240.0	0.436	2008-11-29	72.0
love story	Fearless Platinum Edition	2008-11-11	51.0	235280.0	0.618	2008-12-06	14.0
white horse	Fearless Platinum Edition	2008-11-11	45.0	234440.0	0.585	2008-12-06	56.0
love story	Fearless Platinum Edition	2008-11-11	51.0	235280.0	0.618	2008-12-13	12.0
white horse	Fearless Platinum Edition	2008-11-11	45.0	234440.0	0.585	2008-12-13	47.0
love story	Fearless Platinum Edition	2008-11-11	51.0	235280.0	0.618	2008-12-20	12.0
white horse	Fearless Platinum Edition	2008-11-11	45.0	234440.0	0.585	2008-12-20	52.0
love story	Fearless Platinum Edition	2008-11-11	51.0	235280.0	0.618	2008-12-27	11.0
white horse	Fearless Platinum Edition	2008-11-11	45.0	234440.0	0.585	2008-12-27	51.0
love story	Fearless Platinum Edition	2008-11-11	51.0	235280.0	0.618	2009-01-03	7.0
white horse	Fearless Platinum Edition	2008-11-11	45.0	234440.0	0.585	2009-01-03	48.0
love story	Fearless Platinum Edition	2008-11-11	51.0	235280.0	0.618	2009-01-10	5.0
white horse	Fearless Platinum Edition	2008-11-11	45.0	234440.0	0.585	2009-01-10	41.0
love story	Fearless Platinum Edition	2008-11-11	51.0	235280.0	0.618	2009-01-17	4.0
white horse	Fearless Platinum Edition	2008-11-11	45.0	234440.0	0.585	2009-01-17	38.0
love story	Fearless Platinum Edition	2008-11-11	51.0	235280.0	0.618	2009-01-24	5.0
white horse	Fearless Platinum Edition	2008-11-11	45.0	234440.0	0.585	2009-01-24	37.0
love story	Fearless Platinum Edition	2008-11-11	51.0	235280.0	0.618	2009-01-31	5.0
white horse	Fearless Platinum Edition	2008-11-11	45.0	234440.0	0.585	2009-01-31	35.0
love story	Fearless Platinum Edition	2008-11-11	51.0	235280.0	0.618	2009-02-07	5.0
white horse	Fearless Platinum Edition	2008-11-11	45.0	234440.0	0.585	2009-02-07	39.0
love story	Fearless Platinum Edition	2008-11-11	51.0	235280.0	0.618	2009-02-14	5.0
white horse	Fearless Platinum Edition	2008-11-11	45.0	234440.0	0.585	2009-02-14	40.0
love story	Fearless Platinum Edition	2008-11-11	51.0	235280.0	0.618	2009-02-21	7.0
white horse	Fearless Platinum Edition	2008-11-11	45.0	234440.0	0.585	2009-02-21	39.0
fifteen	Fearless Platinum Edition	2008-11-11	46.0	294346.0	0.559	2009-02-28	65.0
love story	Fearless Platinum Edition	2008-11-11	51.0	235280.0	0.618	2009-02-28	7.0
white horse	Fearless Platinum Edition	2008-11-11	45.0	234440.0	0.585	2009-02-28	34.0
love story	Fearless Platinum Edition	2008-11-11	51.0	235280.0	0.618	2009-03-07	8.0
white horse	Fearless Platinum Edition	2008-11-11	45.0	234440.0	0.585	2009-03-07	34.0
love story	Fearless Platinum Edition	2008-11-11	51.0	235280.0	0.618	2009-03-14	9.0
white horse	Fearless Platinum Edition	2008-11-11	45.0	234440.0	0.585	2009-03-14	30.0
love story	Fearless Platinum Edition	2008-11-11	51.0	235280.0	0.618	2009-03-21	12.0
white horse	Fearless Platinum Edition	2008-11-11	45.0	234440.0	0.585	2009-03-21	31.0
you're not sorry	Fearless Platinum Edition	2008-11-11	43.0	261800.0	0.459	2009-03-21	67.0
love story	Fearless Platinum Edition	2008-11-11	51.0	235280.0	0.618	2009-03-28	13.0
white horse	Fearless Platinum Edition	2008-11-11	45.0	234440.0	0.585	2009-03-28	29.0
you're not sorry	Fearless Platinum Edition	2008-11-11	43.0	261800.0	0.459	2009-03-28	40.0
love story	Fearless Platinum Edition	2008-11-11	51.0	235280.0	0.618	2009-04-04	13.0
white horse	Fearless Platinum Edition	2008-11-11	45.0	234440.0	0.585	2009-04-04	32.0
you're not sorry	Fearless Platinum Edition	2008-11-11	43.0	261800.0	0.459	2009-04-04	95.0
love story	Fearless Platinum Edition	2008-11-11	51.0	235280.0	0.618	2009-04-11	15.0
white horse	Fearless Platinum Edition	2008-11-11	45.0	234440.0	0.585	2009-04-11	32.0
love story	Fearless Platinum Edition	2008-11-11	51.0	235280.0	0.618	2009-04-18	14.0
white horse	Fearless Platinum Edition	2008-11-11	45.0	234440.0	0.585	2009-04-18	39.0
love story	Fearless Platinum Edition	2008-11-11	51.0	235280.0	0.618	2009-04-25	14.0
white horse	Fearless Platinum Edition	2008-11-11	45.0	234440.0	0.585	2009-04-25	44.0
love story	Fearless Platinum Edition	2008-11-11	51.0	235280.0	0.618	2009-05-02	16.0
love story	Fearless Platinum Edition	2008-11-11	51.0	235280.0	0.618	2009-05-09	18.0
fearless	Fearless Platinum Edition	2008-11-11	46.0	242000.0	0.598	2009-05-16	95.0
love story	Fearless Platinum Edition	2008-11-11	51.0	235280.0	0.618	2009-05-16	18.0
you belong with me	Fearless Platinum Edition	2008-11-11	52.0	231146.0	0.687	2009-05-16	87.0
love story	Fearless Platinum Edition	2008-11-11	51.0	235280.0	0.618	2009-05-23	21.0
you belong with me	Fearless Platinum Edition	2008-11-11	52.0	231146.0	0.687	2009-05-23	50.0
love story	Fearless Platinum Edition	2008-11-11	51.0	235280.0	0.618	2009-05-30	24.0
you belong with me	Fearless Platinum Edition	2008-11-11	52.0	231146.0	0.687	2009-05-30	46.0
love story	Fearless Platinum Edition	2008-11-11	51.0	235280.0	0.618	2009-06-06	34.0
you belong with me	Fearless Platinum Edition	2008-11-11	52.0	231146.0	0.687	2009-06-06	47.0
love story	Fearless Platinum Edition	2008-11-11	51.0	235280.0	0.618	2009-06-13	28.0
you belong with me	Fearless Platinum Edition	2008-11-11	52.0	231146.0	0.687	2009-06-13	41.0
love story	Fearless Platinum Edition	2008-11-11	51.0	235280.0	0.618	2009-06-20	26.0
you belong with me	Fearless Platinum Edition	2008-11-11	52.0	231146.0	0.687	2009-06-20	32.0
love story	Fearless Platinum Edition	2008-11-11	51.0	235280.0	0.618	2009-06-27	26.0
you belong with me	Fearless Platinum Edition	2008-11-11	52.0	231146.0	0.687	2009-06-27	18.0
love story	Fearless Platinum Edition	2008-11-11	51.0	235280.0	0.618	2009-07-04	29.0
you belong with me	Fearless Platinum Edition	2008-11-11	52.0	231146.0	0.687	2009-07-04	16.0
love story	Fearless Platinum Edition	2008-11-11	51.0	235280.0	0.618	2009-07-11	33.0
you belong with me	Fearless Platinum Edition	2008-11-11	52.0	231146.0	0.687	2009-07-11	11.0
love story	Fearless Platinum Edition	2008-11-11	51.0	235280.0	0.618	2009-07-18	38.0
you belong with me	Fearless Platinum Edition	2008-11-11	52.0	231146.0	0.687	2009-07-18	9.0
love story	Fearless Platinum Edition	2008-11-11	51.0	235280.0	0.618	2009-07-25	41.0
you belong with me	Fearless Platinum Edition	2008-11-11	52.0	231146.0	0.687	2009-07-25	6.0
love story	Fearless Platinum Edition	2008-11-11	51.0	235280.0	0.618	2009-08-01	40.0
you belong with me	Fearless Platinum Edition	2008-11-11	52.0	231146.0	0.687	2009-08-01	3.0
love story	Fearless Platinum Edition	2008-11-11	51.0	235280.0	0.618	2009-08-08	42.0
you belong with me	Fearless Platinum Edition	2008-11-11	52.0	231146.0	0.687	2009-08-08	4.0
love story	Fearless Platinum Edition	2008-11-11	51.0	235280.0	0.618	2009-08-15	46.0
you belong with me	Fearless Platinum Edition	2008-11-11	52.0	231146.0	0.687	2009-08-15	3.0
love story	Fearless Platinum Edition	2008-11-11	51.0	235280.0	0.618	2009-08-22	46.0
you belong with me	Fearless Platinum Edition	2008-11-11	52.0	231146.0	0.687	2009-08-22	2.0
love story	Fearless Platinum Edition	2008-11-11	51.0	235280.0	0.618	2009-08-29	49.0
you belong with me	Fearless Platinum Edition	2008-11-11	52.0	231146.0	0.687	2009-08-29	4.0
you belong with me	Fearless Platinum Edition	2008-11-11	52.0	231146.0	0.687	2009-09-05	4.0
you belong with me	Fearless Platinum Edition	2008-11-11	52.0	231146.0	0.687	2009-09-12	5.0
you belong with me	Fearless Platinum Edition	2008-11-11	52.0	231146.0	0.687	2009-09-19	6.0
you belong with me	Fearless Platinum Edition	2008-11-11	52.0	231146.0	0.687	2009-09-26	6.0
fifteen	Fearless Platinum Edition	2008-11-11	46.0	294346.0	0.559	2009-10-03	94.0
you belong with me	Fearless Platinum Edition	2008-11-11	52.0	231146.0	0.687	2009-10-03	4.0
fifteen	Fearless Platinum Edition	2008-11-11	46.0	294346.0	0.559	2009-10-10	89.0
you belong with me	Fearless Platinum Edition	2008-11-11	52.0	231146.0	0.687	2009-10-10	6.0
fifteen	Fearless Platinum Edition	2008-11-11	46.0	294346.0	0.559	2009-10-17	81.0
you belong with me	Fearless Platinum Edition	2008-11-11	52.0	231146.0	0.687	2009-10-17	7.0
fifteen	Fearless Platinum Edition	2008-11-11	46.0	294346.0	0.559	2009-10-24	77.0
you belong with me	Fearless Platinum Edition	2008-11-11	52.0	231146.0	0.687	2009-10-24	8.0
fifteen	Fearless Platinum Edition	2008-11-11	46.0	294346.0	0.559	2009-10-31	67.0
you belong with me	Fearless Platinum Edition	2008-11-11	52.0	231146.0	0.687	2009-10-31	10.0
fifteen	Fearless Platinum Edition	2008-11-11	46.0	294346.0	0.559	2009-11-07	62.0
you belong with me	Fearless Platinum Edition	2008-11-11	52.0	231146.0	0.687	2009-11-07	11.0
jump then fall	Fearless Platinum Edition	2008-11-11	45.0	237066.0	0.618	2009-11-14	10.0
untouchable	Fearless Platinum Edition	2008-11-11	45.0	311040.0	0.419	2009-11-14	19.0
forever & always	Fearless Platinum Edition	2008-11-11	45.0	267506.0	0.592	2009-11-14	34.0
come in with the rain	Fearless Platinum Edition	2008-11-11	44.0	238106.0	0.527	2009-11-14	30.0
superstar	Fearless Platinum Edition	2008-11-11	42.0	261453.0	0.61	2009-11-14	26.0
the other side of the door	Fearless Platinum Edition	2008-11-11	43.0	237600.0	0.476	2009-11-14	23.0
fifteen	Fearless Platinum Edition	2008-11-11	46.0	294346.0	0.559	2009-11-14	46.0
you belong with me	Fearless Platinum Edition	2008-11-11	52.0	231146.0	0.687	2009-11-14	14.0
jump then fall	Fearless Platinum Edition	2008-11-11	45.0	237066.0	0.618	2009-11-21	41.0
untouchable	Fearless Platinum Edition	2008-11-11	45.0	311040.0	0.419	2009-11-21	69.0
forever & always	Fearless Platinum Edition	2008-11-11	45.0	267506.0	0.592	2009-11-21	100.0
the other side of the door	Fearless Platinum Edition	2008-11-11	43.0	237600.0	0.476	2009-11-21	94.0
fifteen	Fearless Platinum Edition	2008-11-11	46.0	294346.0	0.559	2009-11-21	38.0
you belong with me	Fearless Platinum Edition	2008-11-11	52.0	231146.0	0.687	2009-11-21	13.0
jump then fall	Fearless Platinum Edition	2008-11-11	45.0	237066.0	0.618	2009-11-28	91.0
fifteen	Fearless Platinum Edition	2008-11-11	46.0	294346.0	0.559	2009-11-28	26.0
you belong with me	Fearless Platinum Edition	2008-11-11	52.0	231146.0	0.687	2009-11-28	14.0
fifteen	Fearless Platinum Edition	2008-11-11	46.0	294346.0	0.559	2009-12-05	26.0
you belong with me	Fearless Platinum Edition	2008-11-11	52.0	231146.0	0.687	2009-12-05	15.0
fifteen	Fearless Platinum Edition	2008-11-11	46.0	294346.0	0.559	2009-12-12	27.0
you belong with me	Fearless Platinum Edition	2008-11-11	52.0	231146.0	0.687	2009-12-12	18.0
fifteen	Fearless Platinum Edition	2008-11-11	46.0	294346.0	0.559	2009-12-19	23.0
you belong with me	Fearless Platinum Edition	2008-11-11	52.0	231146.0	0.687	2009-12-19	18.0
fifteen	Fearless Platinum Edition	2008-11-11	46.0	294346.0	0.559	2009-12-26	27.0
you belong with me	Fearless Platinum Edition	2008-11-11	52.0	231146.0	0.687	2009-12-26	22.0
fifteen	Fearless Platinum Edition	2008-11-11	46.0	294346.0	0.559	2010-01-02	30.0
you belong with me	Fearless Platinum Edition	2008-11-11	52.0	231146.0	0.687	2010-01-02	22.0
fifteen	Fearless Platinum Edition	2008-11-11	46.0	294346.0	0.559	2010-01-09	25.0
you belong with me	Fearless Platinum Edition	2008-11-11	52.0	231146.0	0.687	2010-01-09	19.0
fifteen	Fearless Platinum Edition	2008-11-11	46.0	294346.0	0.559	2010-01-16	28.0
you belong with me	Fearless Platinum Edition	2008-11-11	52.0	231146.0	0.687	2010-01-16	17.0
fifteen	Fearless Platinum Edition	2008-11-11	46.0	294346.0	0.559	2010-01-23	37.0
you belong with me	Fearless Platinum Edition	2008-11-11	52.0	231146.0	0.687	2010-01-23	16.0
fifteen	Fearless Platinum Edition	2008-11-11	46.0	294346.0	0.559	2010-01-30	36.0
you belong with me	Fearless Platinum Edition	2008-11-11	52.0	231146.0	0.687	2010-01-30	22.0
fifteen	Fearless Platinum Edition	2008-11-11	46.0	294346.0	0.559	2010-02-06	40.0
you belong with me	Fearless Platinum Edition	2008-11-11	52.0	231146.0	0.687	2010-02-06	27.0
today was a fairytale	Today Was A Fairytale	2010-01-01	43.0	241813.0	0.485	2010-02-06	2.0
you belong with me	Fearless Platinum Edition	2008-11-11	52.0	231146.0	0.687	2010-02-13	26.0
today was a fairytale	Today Was A Fairytale	2010-01-01	43.0	241813.0	0.485	2010-02-13	22.0
fearless	Fearless Platinum Edition	2008-11-11	46.0	242000.0	0.598	2010-02-20	99.0
you belong with me	Fearless Platinum Edition	2008-11-11	52.0	231146.0	0.687	2010-02-20	27.0
today was a fairytale	Today Was A Fairytale	2010-01-01	43.0	241813.0	0.485	2010-02-20	39.0
fearless	Fearless Platinum Edition	2008-11-11	46.0	242000.0	0.598	2010-02-27	97.0
you belong with me	Fearless Platinum Edition	2008-11-11	52.0	231146.0	0.687	2010-02-27	29.0
today was a fairytale	Today Was A Fairytale	2010-01-01	43.0	241813.0	0.485	2010-02-27	30.0
you belong with me	Fearless Platinum Edition	2008-11-11	52.0	231146.0	0.687	2010-03-06	35.0
today was a fairytale	Today Was A Fairytale	2010-01-01	43.0	241813.0	0.485	2010-03-06	24.0
fearless	Fearless Platinum Edition	2008-11-11	46.0	242000.0	0.598	2010-03-13	94.0
you belong with me	Fearless Platinum Edition	2008-11-11	52.0	231146.0	0.687	2010-03-13	33.0
today was a fairytale	Today Was A Fairytale	2010-01-01	43.0	241813.0	0.485	2010-03-13	31.0
fearless	Fearless Platinum Edition	2008-11-11	46.0	242000.0	0.598	2010-03-20	87.0
you belong with me	Fearless Platinum Edition	2008-11-11	52.0	231146.0	0.687	2010-03-20	36.0
today was a fairytale	Today Was A Fairytale	2010-01-01	43.0	241813.0	0.485	2010-03-20	30.0
fearless	Fearless Platinum Edition	2008-11-11	46.0	242000.0	0.598	2010-03-27	77.0
you belong with me	Fearless Platinum Edition	2008-11-11	52.0	231146.0	0.687	2010-03-27	39.0
today was a fairytale	Today Was A Fairytale	2010-01-01	43.0	241813.0	0.485	2010-03-27	30.0
fearless	Fearless Platinum Edition	2008-11-11	46.0	242000.0	0.598	2010-04-03	77.0
you belong with me	Fearless Platinum Edition	2008-11-11	52.0	231146.0	0.687	2010-04-03	45.0
today was a fairytale	Today Was A Fairytale	2010-01-01	43.0	241813.0	0.485	2010-04-03	35.0
fearless	Fearless Platinum Edition	2008-11-11	46.0	242000.0	0.598	2010-04-10	76.0
you belong with me	Fearless Platinum Edition	2008-11-11	52.0	231146.0	0.687	2010-04-10	45.0
today was a fairytale	Today Was A Fairytale	2010-01-01	43.0	241813.0	0.485	2010-04-10	36.0
fearless	Fearless Platinum Edition	2008-11-11	46.0	242000.0	0.598	2010-04-17	76.0
you belong with me	Fearless Platinum Edition	2008-11-11	52.0	231146.0	0.687	2010-04-17	50.0
today was a fairytale	Today Was A Fairytale	2010-01-01	43.0	241813.0	0.485	2010-04-17	38.0
fearless	Fearless Platinum Edition	2008-11-11	46.0	242000.0	0.598	2010-04-24	78.0
today was a fairytale	Today Was A Fairytale	2010-01-01	43.0	241813.0	0.485	2010-04-24	41.0
fearless	Fearless Platinum Edition	2008-11-11	46.0	242000.0	0.598	2010-05-01	84.0
today was a fairytale	Today Was A Fairytale	2010-01-01	43.0	241813.0	0.485	2010-05-01	56.0
today was a fairytale	Today Was A Fairytale	2010-01-01	43.0	241813.0	0.485	2010-05-08	65.0
today was a fairytale	Today Was A Fairytale	2010-01-01	43.0	241813.0	0.485	2010-05-15	81.0
today was a fairytale	Today Was A Fairytale	2010-01-01	43.0	241813.0	0.485	2010-05-22	85.0
today was a fairytale	Today Was A Fairytale	2010-01-01	43.0	241813.0	0.485	2010-05-29	96.0
today was a fairytale	Today Was A Fairytale	2010-01-01	43.0	241813.0	0.485	2010-06-05	97.0
mine	Speak Now (Deluxe Edition)	2010-10-25	57.0	230706.0	0.624	2010-08-21	3.0
mine	Speak Now (Deluxe Edition)	2010-10-25	57.0	230706.0	0.624	2010-08-28	8.0
mine	Speak Now (Deluxe Edition)	2010-10-25	57.0	230706.0	0.624	2010-09-04	14.0
mine	Speak Now (Deluxe Edition)	2010-10-25	57.0	230706.0	0.624	2010-09-11	9.0
mine	Speak Now (Deluxe Edition)	2010-10-25	57.0	230706.0	0.624	2010-09-18	7.0
mine	Speak Now (Deluxe Edition)	2010-10-25	57.0	230706.0	0.624	2010-09-25	10.0
mine	Speak Now (Deluxe Edition)	2010-10-25	57.0	230706.0	0.624	2010-10-02	12.0
mine	Speak Now (Deluxe Edition)	2010-10-25	57.0	230706.0	0.624	2010-10-09	11.0
mine	Speak Now (Deluxe Edition)	2010-10-25	57.0	230706.0	0.624	2010-10-16	12.0
mine	Speak Now (Deluxe Edition)	2010-10-25	57.0	230706.0	0.624	2010-10-23	14.0
speak now	Speak Now (Deluxe Edition)	2010-10-25	56.0	240760.0	0.709	2010-10-23	8.0
mine	Speak Now (Deluxe Edition)	2010-10-25	57.0	230706.0	0.624	2010-10-30	14.0
back to december	Speak Now (Deluxe Edition)	2010-10-25	59.0	293026.0	0.529	2010-10-30	6.0
speak now	Speak Now (Deluxe Edition)	2010-10-25	56.0	240760.0	0.709	2010-10-30	45.0
mine	Speak Now (Deluxe Edition)	2010-10-25	57.0	230706.0	0.624	2010-11-06	13.0
back to december	Speak Now (Deluxe Edition)	2010-10-25	59.0	293026.0	0.529	2010-11-06	30.0
speak now	Speak Now (Deluxe Edition)	2010-10-25	56.0	240760.0	0.709	2010-11-06	86.0
mean	Speak Now (Deluxe Edition)	2010-10-25	56.0	237733.0	0.568	2010-11-06	11.0
mine	Speak Now (Deluxe Edition)	2010-10-25	57.0	230706.0	0.624	2010-11-13	21.0
sparks fly	Speak Now (Deluxe Edition)	2010-10-25	58.0	260933.0	0.605	2010-11-13	17.0
dear john	Speak Now (Deluxe Edition)	2010-10-25	61.0	403920.0	0.589	2010-11-13	54.0
the story of us	Speak Now (Deluxe Edition)	2010-10-25	57.0	265666.0	0.543	2010-11-13	41.0
never grow up	Speak Now (Deluxe Edition)	2010-10-25	57.0	290466.0	0.714	2010-11-13	84.0
enchanted	Speak Now (Deluxe Edition)	2010-10-25	60.0	352186.0	0.455	2010-11-13	75.0
better than revenge	Speak Now (Deluxe Edition)	2010-10-25	64.0	217160.0	0.516	2010-11-13	56.0
innocent	Speak Now (Deluxe Edition)	2010-10-25	52.0	302253.0	0.552	2010-11-13	27.0
haunted	Speak Now (Deluxe Edition)	2010-10-25	59.0	242080.0	0.436	2010-11-13	63.0
last kiss	Speak Now (Deluxe Edition)	2010-10-25	59.0	367133.0	0.371	2010-11-13	71.0
long live	Speak Now (Deluxe Edition)	2010-10-25	57.0	317453.0	0.418	2010-11-13	85.0
mine	Speak Now (Deluxe Edition)	2010-10-25	57.0	230706.0	0.624	2010-11-20	16.0
sparks fly	Speak Now (Deluxe Edition)	2010-10-25	58.0	260933.0	0.605	2010-11-20	78.0
mine	Speak Now (Deluxe Edition)	2010-10-25	57.0	230706.0	0.624	2010-11-27	23.0
back to december	Speak Now (Deluxe Edition)	2010-10-25	59.0	293026.0	0.529	2010-11-27	74.0
mine	Speak Now (Deluxe Edition)	2010-10-25	57.0	230706.0	0.624	2010-12-04	33.0
back to december	Speak Now (Deluxe Edition)	2010-10-25	59.0	293026.0	0.529	2010-12-04	67.0
mine	Speak Now (Deluxe Edition)	2010-10-25	57.0	230706.0	0.624	2010-12-11	37.0
back to december	Speak Now (Deluxe Edition)	2010-10-25	59.0	293026.0	0.529	2010-12-11	47.0
mine	Speak Now (Deluxe Edition)	2010-10-25	57.0	230706.0	0.624	2010-12-18	47.0
back to december	Speak Now (Deluxe Edition)	2010-10-25	59.0	293026.0	0.529	2010-12-18	43.0
mine	Speak Now (Deluxe Edition)	2010-10-25	57.0	230706.0	0.624	2010-12-25	50.0
back to december	Speak Now (Deluxe Edition)	2010-10-25	59.0	293026.0	0.529	2010-12-25	34.0
mine	Speak Now (Deluxe Edition)	2010-10-25	57.0	230706.0	0.624	2011-01-01	52.0
back to december	Speak Now (Deluxe Edition)	2010-10-25	59.0	293026.0	0.529	2011-01-01	26.0
mine	Speak Now (Deluxe Edition)	2010-10-25	57.0	230706.0	0.624	2011-01-08	42.0
back to december	Speak Now (Deluxe Edition)	2010-10-25	59.0	293026.0	0.529	2011-01-08	27.0
mine	Speak Now (Deluxe Edition)	2010-10-25	57.0	230706.0	0.624	2011-01-15	31.0
back to december	Speak Now (Deluxe Edition)	2010-10-25	59.0	293026.0	0.529	2011-01-15	25.0
mine	Speak Now (Deluxe Edition)	2010-10-25	57.0	230706.0	0.624	2011-01-22	50.0
back to december	Speak Now (Deluxe Edition)	2010-10-25	59.0	293026.0	0.529	2011-01-22	25.0
back to december	Speak Now (Deluxe Edition)	2010-10-25	59.0	293026.0	0.529	2011-01-29	26.0
back to december	Speak Now (Deluxe Edition)	2010-10-25	59.0	293026.0	0.529	2011-02-05	22.0
back to december	Speak Now (Deluxe Edition)	2010-10-25	59.0	293026.0	0.529	2011-02-12	18.0
back to december	Speak Now (Deluxe Edition)	2010-10-25	59.0	293026.0	0.529	2011-02-19	20.0
back to december	Speak Now (Deluxe Edition)	2010-10-25	59.0	293026.0	0.529	2011-02-26	24.0
back to december	Speak Now (Deluxe Edition)	2010-10-25	59.0	293026.0	0.529	2011-03-05	24.0
back to december	Speak Now (Deluxe Edition)	2010-10-25	59.0	293026.0	0.529	2011-03-12	29.0
back to december	Speak Now (Deluxe Edition)	2010-10-25	59.0	293026.0	0.529	2011-03-19	32.0
back to december	Speak Now (Deluxe Edition)	2010-10-25	59.0	293026.0	0.529	2011-03-26	37.0
mean	Speak Now (Deluxe Edition)	2010-10-25	56.0	237733.0	0.568	2011-04-09	90.0
mean	Speak Now (Deluxe Edition)	2010-10-25	56.0	237733.0	0.568	2011-04-16	67.0
mean	Speak Now (Deluxe Edition)	2010-10-25	56.0	237733.0	0.568	2011-04-23	48.0
mean	Speak Now (Deluxe Edition)	2010-10-25	56.0	237733.0	0.568	2011-04-30	51.0
mean	Speak Now (Deluxe Edition)	2010-10-25	56.0	237733.0	0.568	2011-05-07	50.0
mean	Speak Now (Deluxe Edition)	2010-10-25	56.0	237733.0	0.568	2011-05-14	54.0
mean	Speak Now (Deluxe Edition)	2010-10-25	56.0	237733.0	0.568	2011-05-21	46.0
mean	Speak Now (Deluxe Edition)	2010-10-25	56.0	237733.0	0.568	2011-05-28	37.0
the story of us	Speak Now (Deluxe Edition)	2010-10-25	57.0	265666.0	0.543	2011-05-28	98.0
mean	Speak Now (Deluxe Edition)	2010-10-25	56.0	237733.0	0.568	2011-06-04	34.0
the story of us	Speak Now (Deluxe Edition)	2010-10-25	57.0	265666.0	0.543	2011-06-04	88.0
mean	Speak Now (Deluxe Edition)	2010-10-25	56.0	237733.0	0.568	2011-06-11	39.0
the story of us	Speak Now (Deluxe Edition)	2010-10-25	57.0	265666.0	0.543	2011-06-11	77.0
mean	Speak Now (Deluxe Edition)	2010-10-25	56.0	237733.0	0.568	2011-06-18	33.0
the story of us	Speak Now (Deluxe Edition)	2010-10-25	57.0	265666.0	0.543	2011-06-18	72.0
mean	Speak Now (Deluxe Edition)	2010-10-25	56.0	237733.0	0.568	2011-06-25	37.0
the story of us	Speak Now (Deluxe Edition)	2010-10-25	57.0	265666.0	0.543	2011-06-25	66.0
mean	Speak Now (Deluxe Edition)	2010-10-25	56.0	237733.0	0.568	2011-07-02	31.0
the story of us	Speak Now (Deluxe Edition)	2010-10-25	57.0	265666.0	0.543	2011-07-02	67.0
mean	Speak Now (Deluxe Edition)	2010-10-25	56.0	237733.0	0.568	2011-07-09	34.0
the story of us	Speak Now (Deluxe Edition)	2010-10-25	57.0	265666.0	0.543	2011-07-09	67.0
mean	Speak Now (Deluxe Edition)	2010-10-25	56.0	237733.0	0.568	2011-07-16	39.0
the story of us	Speak Now (Deluxe Edition)	2010-10-25	57.0	265666.0	0.543	2011-07-16	72.0
mean	Speak Now (Deluxe Edition)	2010-10-25	56.0	237733.0	0.568	2011-07-23	44.0
the story of us	Speak Now (Deluxe Edition)	2010-10-25	57.0	265666.0	0.543	2011-07-23	69.0
mean	Speak Now (Deluxe Edition)	2010-10-25	56.0	237733.0	0.568	2011-07-30	55.0
the story of us	Speak Now (Deluxe Edition)	2010-10-25	57.0	265666.0	0.543	2011-07-30	83.0
mean	Speak Now (Deluxe Edition)	2010-10-25	56.0	237733.0	0.568	2011-08-06	61.0
the story of us	Speak Now (Deluxe Edition)	2010-10-25	57.0	265666.0	0.543	2011-08-06	97.0
mean	Speak Now (Deluxe Edition)	2010-10-25	56.0	237733.0	0.568	2011-08-13	63.0
sparks fly	Speak Now (Deluxe Edition)	2010-10-25	58.0	260933.0	0.605	2011-08-27	84.0
sparks fly	Speak Now (Deluxe Edition)	2010-10-25	58.0	260933.0	0.605	2011-09-03	70.0
sparks fly	Speak Now (Deluxe Edition)	2010-10-25	58.0	260933.0	0.605	2011-09-10	67.0
sparks fly	Speak Now (Deluxe Edition)	2010-10-25	58.0	260933.0	0.605	2011-09-17	68.0
sparks fly	Speak Now (Deluxe Edition)	2010-10-25	58.0	260933.0	0.605	2011-09-24	64.0
sparks fly	Speak Now (Deluxe Edition)	2010-10-25	58.0	260933.0	0.605	2011-10-01	57.0
sparks fly	Speak Now (Deluxe Edition)	2010-10-25	58.0	260933.0	0.605	2011-10-08	59.0
sparks fly	Speak Now (Deluxe Edition)	2010-10-25	58.0	260933.0	0.605	2011-10-15	60.0
sparks fly	Speak Now (Deluxe Edition)	2010-10-25	58.0	260933.0	0.605	2011-10-22	54.0
sparks fly	Speak Now (Deluxe Edition)	2010-10-25	58.0	260933.0	0.605	2011-10-29	50.0
sparks fly	Speak Now (Deluxe Edition)	2010-10-25	58.0	260933.0	0.605	2011-11-05	49.0
sparks fly	Speak Now (Deluxe Edition)	2010-10-25	58.0	260933.0	0.605	2011-11-12	46.0
sparks fly	Speak Now (Deluxe Edition)	2010-10-25	58.0	260933.0	0.605	2011-11-19	42.0
sparks fly	Speak Now (Deluxe Edition)	2010-10-25	58.0	260933.0	0.605	2011-11-26	49.0
haunted	Speak Now (Deluxe Edition)	2010-10-25	59.0	242080.0	0.436	2011-11-26	98.0
ours	Speak Now (Deluxe Edition)	2010-10-25	58.0	237920.0	0.608	2011-11-26	13.0
if this was a movie	Speak Now (Deluxe Edition)	2010-10-25	56.0	234546.0	0.511	2011-11-26	10.0
superman	Speak Now (Deluxe Edition)	2010-10-25	53.0	275960.0	0.582	2011-11-26	26.0
sparks fly	Speak Now (Deluxe Edition)	2010-10-25	58.0	260933.0	0.605	2011-12-03	54.0
ours	Speak Now (Deluxe Edition)	2010-10-25	58.0	237920.0	0.608	2011-12-03	56.0
if this was a movie	Speak Now (Deluxe Edition)	2010-10-25	56.0	234546.0	0.511	2011-12-03	53.0
sparks fly	Speak Now (Deluxe Edition)	2010-10-25	58.0	260933.0	0.605	2011-12-10	55.0
ours	Speak Now (Deluxe Edition)	2010-10-25	58.0	237920.0	0.608	2011-12-10	81.0
sparks fly	Speak Now (Deluxe Edition)	2010-10-25	58.0	260933.0	0.605	2011-12-17	65.0
ours	Speak Now (Deluxe Edition)	2010-10-25	58.0	237920.0	0.608	2011-12-17	83.0
sparks fly	Speak Now (Deluxe Edition)	2010-10-25	58.0	260933.0	0.605	2011-12-24	85.0
ours	Speak Now (Deluxe Edition)	2010-10-25	58.0	237920.0	0.608	2011-12-24	65.0
ours	Speak Now (Deluxe Edition)	2010-10-25	58.0	237920.0	0.608	2011-12-31	47.0
ours	Speak Now (Deluxe Edition)	2010-10-25	58.0	237920.0	0.608	2012-01-07	45.0
ours	Speak Now (Deluxe Edition)	2010-10-25	58.0	237920.0	0.608	2012-01-14	43.0
ours	Speak Now (Deluxe Edition)	2010-10-25	58.0	237920.0	0.608	2012-01-21	43.0
ours	Speak Now (Deluxe Edition)	2010-10-25	58.0	237920.0	0.608	2012-01-28	47.0
ours	Speak Now (Deluxe Edition)	2010-10-25	58.0	237920.0	0.608	2012-02-04	44.0
ours	Speak Now (Deluxe Edition)	2010-10-25	58.0	237920.0	0.608	2012-02-11	46.0
ours	Speak Now (Deluxe Edition)	2010-10-25	58.0	237920.0	0.608	2012-02-18	42.0
ours	Speak Now (Deluxe Edition)	2010-10-25	58.0	237920.0	0.608	2012-02-25	47.0
ours	Speak Now (Deluxe Edition)	2010-10-25	58.0	237920.0	0.608	2012-03-03	46.0
ours	Speak Now (Deluxe Edition)	2010-10-25	58.0	237920.0	0.608	2012-03-10	45.0
ours	Speak Now (Deluxe Edition)	2010-10-25	58.0	237920.0	0.608	2012-03-17	48.0
ours	Speak Now (Deluxe Edition)	2010-10-25	58.0	237920.0	0.608	2012-03-24	39.0
ours	Speak Now (Deluxe Edition)	2010-10-25	58.0	237920.0	0.608	2012-03-31	41.0
ours	Speak Now (Deluxe Edition)	2010-10-25	58.0	237920.0	0.608	2012-04-07	42.0
we are never ever getting back together	Red (Deluxe Edition)	2012-10-22	52.0	191880.0	0.628	2012-08-25	72.0
we are never ever getting back together	Red (Deluxe Edition)	2012-10-22	52.0	191880.0	0.628	2012-09-01	1.0
we are never ever getting back together	Red (Deluxe Edition)	2012-10-22	52.0	191880.0	0.628	2012-09-08	1.0
we are never ever getting back together	Red (Deluxe Edition)	2012-10-22	52.0	191880.0	0.628	2012-09-15	2.0
we are never ever getting back together	Red (Deluxe Edition)	2012-10-22	52.0	191880.0	0.628	2012-09-22	1.0
ronan	Ronan	2012-09-08	44.0	265306.0	0.565	2012-09-22	16.0
we are never ever getting back together	Red (Deluxe Edition)	2012-10-22	52.0	191880.0	0.628	2012-09-29	2.0
ronan	Ronan	2012-09-08	44.0	265306.0	0.565	2012-09-29	36.0
we are never ever getting back together	Red (Deluxe Edition)	2012-10-22	52.0	191880.0	0.628	2012-10-06	4.0
we are never ever getting back together	Red (Deluxe Edition)	2012-10-22	52.0	191880.0	0.628	2012-10-13	4.0
begin again	Red (Deluxe Edition)	2012-10-22	46.0	237613.0	0.53	2012-10-13	7.0
red	Red (Deluxe Edition)	2012-10-22	53.0	220826.0	0.602	2012-10-20	6.0
we are never ever getting back together	Red (Deluxe Edition)	2012-10-22	52.0	191880.0	0.628	2012-10-20	5.0
begin again	Red (Deluxe Edition)	2012-10-22	46.0	237613.0	0.53	2012-10-20	52.0
red	Red (Deluxe Edition)	2012-10-22	53.0	220826.0	0.602	2012-10-27	54.0
i knew you were trouble.	Red (Deluxe Edition)	2012-10-22	53.0	217973.0	0.622	2012-10-27	3.0
we are never ever getting back together	Red (Deluxe Edition)	2012-10-22	52.0	191880.0	0.628	2012-10-27	5.0
begin again	Red (Deluxe Edition)	2012-10-22	46.0	237613.0	0.53	2012-10-27	70.0
state of grace	Red (Deluxe Edition)	2012-10-22	48.0	295186.0	0.588	2012-11-03	13.0
red	Red (Deluxe Edition)	2012-10-22	53.0	220826.0	0.602	2012-11-03	77.0
i knew you were trouble.	Red (Deluxe Edition)	2012-10-22	53.0	217973.0	0.622	2012-11-03	23.0
we are never ever getting back together	Red (Deluxe Edition)	2012-10-22	52.0	191880.0	0.628	2012-11-03	4.0
begin again	Red (Deluxe Edition)	2012-10-22	46.0	237613.0	0.53	2012-11-03	78.0
all too well	Red (Deluxe Edition)	2012-10-22	63.0	327893.0	0.602	2012-11-10	80.0
22	Red (Deluxe Edition)	2012-10-22	57.0	230133.0	0.658	2012-11-10	44.0
i almost do	Red (Deluxe Edition)	2012-10-22	48.0	242573.0	0.567	2012-11-10	65.0
we are never ever getting back together	Red (Deluxe Edition)	2012-10-22	52.0	191880.0	0.628	2012-11-10	11.0
stay stay stay	Red (Deluxe Edition)	2012-10-22	48.0	204826.0	0.729	2012-11-10	91.0
everything has changed	Red (Deluxe Edition)	2012-10-22	49.0	243933.0	0.624	2012-11-10	67.0
red	Red (Deluxe Edition)	2012-10-22	53.0	220826.0	0.602	2012-11-17	89.0
i knew you were trouble.	Red (Deluxe Edition)	2012-10-22	53.0	217973.0	0.622	2012-11-17	59.0
we are never ever getting back together	Red (Deluxe Edition)	2012-10-22	52.0	191880.0	0.628	2012-11-17	5.0
begin again	Red (Deluxe Edition)	2012-10-22	46.0	237613.0	0.53	2012-11-17	68.0
i knew you were trouble.	Red (Deluxe Edition)	2012-10-22	53.0	217973.0	0.622	2012-11-24	73.0
we are never ever getting back together	Red (Deluxe Edition)	2012-10-22	52.0	191880.0	0.628	2012-11-24	7.0
begin again	Red (Deluxe Edition)	2012-10-22	46.0	237613.0	0.53	2012-11-24	71.0
i knew you were trouble.	Red (Deluxe Edition)	2012-10-22	53.0	217973.0	0.622	2012-12-01	77.0
we are never ever getting back together	Red (Deluxe Edition)	2012-10-22	52.0	191880.0	0.628	2012-12-01	9.0
begin again	Red (Deluxe Edition)	2012-10-22	46.0	237613.0	0.53	2012-12-01	73.0
i knew you were trouble.	Red (Deluxe Edition)	2012-10-22	53.0	217973.0	0.622	2012-12-08	47.0
we are never ever getting back together	Red (Deluxe Edition)	2012-10-22	52.0	191880.0	0.628	2012-12-08	11.0
begin again	Red (Deluxe Edition)	2012-10-22	46.0	237613.0	0.53	2012-12-08	78.0
i knew you were trouble.	Red (Deluxe Edition)	2012-10-22	53.0	217973.0	0.622	2012-12-15	32.0
we are never ever getting back together	Red (Deluxe Edition)	2012-10-22	52.0	191880.0	0.628	2012-12-15	15.0
begin again	Red (Deluxe Edition)	2012-10-22	46.0	237613.0	0.53	2012-12-15	77.0
i knew you were trouble.	Red (Deluxe Edition)	2012-10-22	53.0	217973.0	0.622	2012-12-22	15.0
we are never ever getting back together	Red (Deluxe Edition)	2012-10-22	52.0	191880.0	0.628	2012-12-22	25.0
begin again	Red (Deluxe Edition)	2012-10-22	46.0	237613.0	0.53	2012-12-22	78.0
i knew you were trouble.	Red (Deluxe Edition)	2012-10-22	53.0	217973.0	0.622	2012-12-29	10.0
we are never ever getting back together	Red (Deluxe Edition)	2012-10-22	52.0	191880.0	0.628	2012-12-29	27.0
begin again	Red (Deluxe Edition)	2012-10-22	46.0	237613.0	0.53	2012-12-29	75.0
i knew you were trouble.	Red (Deluxe Edition)	2012-10-22	53.0	217973.0	0.622	2013-01-05	4.0
we are never ever getting back together	Red (Deluxe Edition)	2012-10-22	52.0	191880.0	0.628	2013-01-05	29.0
begin again	Red (Deluxe Edition)	2012-10-22	46.0	237613.0	0.53	2013-01-05	76.0
red	Red (Deluxe Edition)	2012-10-22	53.0	220826.0	0.602	2013-01-12	80.0
i knew you were trouble.	Red (Deluxe Edition)	2012-10-22	53.0	217973.0	0.622	2013-01-12	2.0
22	Red (Deluxe Edition)	2012-10-22	57.0	230133.0	0.658	2013-01-12	84.0
we are never ever getting back together	Red (Deluxe Edition)	2012-10-22	52.0	191880.0	0.628	2013-01-12	17.0
begin again	Red (Deluxe Edition)	2012-10-22	46.0	237613.0	0.53	2013-01-12	63.0
i knew you were trouble.	Red (Deluxe Edition)	2012-10-22	53.0	217973.0	0.622	2013-01-19	3.0
we are never ever getting back together	Red (Deluxe Edition)	2012-10-22	52.0	191880.0	0.628	2013-01-19	25.0
begin again	Red (Deluxe Edition)	2012-10-22	46.0	237613.0	0.53	2013-01-19	73.0
i knew you were trouble.	Red (Deluxe Edition)	2012-10-22	53.0	217973.0	0.622	2013-01-26	4.0
we are never ever getting back together	Red (Deluxe Edition)	2012-10-22	52.0	191880.0	0.628	2013-01-26	39.0
begin again	Red (Deluxe Edition)	2012-10-22	46.0	237613.0	0.53	2013-01-26	73.0
the moment i knew	Red (Deluxe Edition)	2012-10-22	43.0	285560.0	0.62	2013-01-26	64.0
i knew you were trouble.	Red (Deluxe Edition)	2012-10-22	53.0	217973.0	0.622	2013-02-02	5.0
we are never ever getting back together	Red (Deluxe Edition)	2012-10-22	52.0	191880.0	0.628	2013-02-02	46.0
begin again	Red (Deluxe Edition)	2012-10-22	46.0	237613.0	0.53	2013-02-02	73.0
i knew you were trouble.	Red (Deluxe Edition)	2012-10-22	53.0	217973.0	0.622	2013-02-09	4.0
begin again	Red (Deluxe Edition)	2012-10-22	46.0	237613.0	0.53	2013-02-09	78.0
i knew you were trouble.	Red (Deluxe Edition)	2012-10-22	53.0	217973.0	0.622	2013-02-16	5.0
begin again	Red (Deluxe Edition)	2012-10-22	46.0	237613.0	0.53	2013-02-16	75.0
i knew you were trouble.	Red (Deluxe Edition)	2012-10-22	53.0	217973.0	0.622	2013-02-23	5.0
begin again	Red (Deluxe Edition)	2012-10-22	46.0	237613.0	0.53	2013-02-23	71.0
i knew you were trouble.	Red (Deluxe Edition)	2012-10-22	53.0	217973.0	0.622	2013-03-02	5.0
begin again	Red (Deluxe Edition)	2012-10-22	46.0	237613.0	0.53	2013-03-02	65.0
i knew you were trouble.	Red (Deluxe Edition)	2012-10-22	53.0	217973.0	0.622	2013-03-09	4.0
i knew you were trouble.	Red (Deluxe Edition)	2012-10-22	53.0	217973.0	0.622	2013-03-16	4.0
i knew you were trouble.	Red (Deluxe Edition)	2012-10-22	53.0	217973.0	0.622	2013-03-23	6.0
i knew you were trouble.	Red (Deluxe Edition)	2012-10-22	53.0	217973.0	0.622	2013-03-30	7.0
22	Red (Deluxe Edition)	2012-10-22	57.0	230133.0	0.658	2013-03-30	64.0
i knew you were trouble.	Red (Deluxe Edition)	2012-10-22	53.0	217973.0	0.622	2013-04-06	10.0
22	Red (Deluxe Edition)	2012-10-22	57.0	230133.0	0.658	2013-04-06	26.0
i knew you were trouble.	Red (Deluxe Edition)	2012-10-22	53.0	217973.0	0.622	2013-04-13	12.0
22	Red (Deluxe Edition)	2012-10-22	57.0	230133.0	0.658	2013-04-13	33.0
i knew you were trouble.	Red (Deluxe Edition)	2012-10-22	53.0	217973.0	0.622	2013-04-20	16.0
22	Red (Deluxe Edition)	2012-10-22	57.0	230133.0	0.658	2013-04-20	34.0
i knew you were trouble.	Red (Deluxe Edition)	2012-10-22	53.0	217973.0	0.622	2013-04-27	19.0
22	Red (Deluxe Edition)	2012-10-22	57.0	230133.0	0.658	2013-04-27	32.0
i knew you were trouble.	Red (Deluxe Edition)	2012-10-22	53.0	217973.0	0.622	2013-05-04	25.0
22	Red (Deluxe Edition)	2012-10-22	57.0	230133.0	0.658	2013-05-04	24.0
i knew you were trouble.	Red (Deluxe Edition)	2012-10-22	53.0	217973.0	0.622	2013-05-11	34.0
22	Red (Deluxe Edition)	2012-10-22	57.0	230133.0	0.658	2013-05-11	20.0
i knew you were trouble.	Red (Deluxe Edition)	2012-10-22	53.0	217973.0	0.622	2013-05-18	35.0
22	Red (Deluxe Edition)	2012-10-22	57.0	230133.0	0.658	2013-05-18	21.0
i knew you were trouble.	Red (Deluxe Edition)	2012-10-22	53.0	217973.0	0.622	2013-05-25	36.0
22	Red (Deluxe Edition)	2012-10-22	57.0	230133.0	0.658	2013-05-25	25.0
i knew you were trouble.	Red (Deluxe Edition)	2012-10-22	53.0	217973.0	0.622	2013-06-01	41.0
22	Red (Deluxe Edition)	2012-10-22	57.0	230133.0	0.658	2013-06-01	26.0
i knew you were trouble.	Red (Deluxe Edition)	2012-10-22	53.0	217973.0	0.622	2013-06-08	48.0
22	Red (Deluxe Edition)	2012-10-22	57.0	230133.0	0.658	2013-06-08	23.0
i knew you were trouble.	Red (Deluxe Edition)	2012-10-22	53.0	217973.0	0.622	2013-06-15	43.0
22	Red (Deluxe Edition)	2012-10-22	57.0	230133.0	0.658	2013-06-15	24.0
i knew you were trouble.	Red (Deluxe Edition)	2012-10-22	53.0	217973.0	0.622	2013-06-22	42.0
22	Red (Deluxe Edition)	2012-10-22	57.0	230133.0	0.658	2013-06-22	26.0
everything has changed	Red (Deluxe Edition)	2012-10-22	49.0	243933.0	0.624	2013-06-22	91.0
i knew you were trouble.	Red (Deluxe Edition)	2012-10-22	53.0	217973.0	0.622	2013-06-29	49.0
22	Red (Deluxe Edition)	2012-10-22	57.0	230133.0	0.658	2013-06-29	32.0
everything has changed	Red (Deluxe Edition)	2012-10-22	49.0	243933.0	0.624	2013-06-29	79.0
i knew you were trouble.	Red (Deluxe Edition)	2012-10-22	53.0	217973.0	0.622	2013-07-06	49.0
22	Red (Deluxe Edition)	2012-10-22	57.0	230133.0	0.658	2013-07-06	41.0
22	Red (Deluxe Edition)	2012-10-22	57.0	230133.0	0.658	2013-07-13	49.0
22	Red (Deluxe Edition)	2012-10-22	57.0	230133.0	0.658	2013-07-20	55.0
22	Red (Deluxe Edition)	2012-10-22	57.0	230133.0	0.658	2013-07-27	65.0
everything has changed	Red (Deluxe Edition)	2012-10-22	49.0	243933.0	0.624	2013-08-10	41.0
everything has changed	Red (Deluxe Edition)	2012-10-22	49.0	243933.0	0.624	2013-08-17	61.0
red	Red (Deluxe Edition)	2012-10-22	53.0	220826.0	0.602	2013-08-24	100.0
everything has changed	Red (Deluxe Edition)	2012-10-22	49.0	243933.0	0.624	2013-08-24	61.0
red	Red (Deluxe Edition)	2012-10-22	53.0	220826.0	0.602	2013-08-31	85.0
everything has changed	Red (Deluxe Edition)	2012-10-22	49.0	243933.0	0.624	2013-08-31	56.0
red	Red (Deluxe Edition)	2012-10-22	53.0	220826.0	0.602	2013-09-07	86.0
everything has changed	Red (Deluxe Edition)	2012-10-22	49.0	243933.0	0.624	2013-09-07	51.0
red	Red (Deluxe Edition)	2012-10-22	53.0	220826.0	0.602	2013-09-14	82.0
everything has changed	Red (Deluxe Edition)	2012-10-22	49.0	243933.0	0.624	2013-09-14	49.0
red	Red (Deluxe Edition)	2012-10-22	53.0	220826.0	0.602	2013-09-21	76.0
everything has changed	Red (Deluxe Edition)	2012-10-22	49.0	243933.0	0.624	2013-09-21	43.0
red	Red (Deluxe Edition)	2012-10-22	53.0	220826.0	0.602	2013-09-28	76.0
everything has changed	Red (Deluxe Edition)	2012-10-22	49.0	243933.0	0.624	2013-09-28	42.0
red	Red (Deluxe Edition)	2012-10-22	53.0	220826.0	0.602	2013-10-05	76.0
everything has changed	Red (Deluxe Edition)	2012-10-22	49.0	243933.0	0.624	2013-10-05	45.0
red	Red (Deluxe Edition)	2012-10-22	53.0	220826.0	0.602	2013-10-12	75.0
everything has changed	Red (Deluxe Edition)	2012-10-22	49.0	243933.0	0.624	2013-10-12	45.0
red	Red (Deluxe Edition)	2012-10-22	53.0	220826.0	0.602	2013-10-19	73.0
everything has changed	Red (Deluxe Edition)	2012-10-22	49.0	243933.0	0.624	2013-10-19	41.0
red	Red (Deluxe Edition)	2012-10-22	53.0	220826.0	0.602	2013-10-26	73.0
everything has changed	Red (Deluxe Edition)	2012-10-22	49.0	243933.0	0.624	2013-10-26	32.0
red	Red (Deluxe Edition)	2012-10-22	53.0	220826.0	0.602	2013-11-02	73.0
everything has changed	Red (Deluxe Edition)	2012-10-22	49.0	243933.0	0.624	2013-11-02	37.0
red	Red (Deluxe Edition)	2012-10-22	53.0	220826.0	0.602	2013-11-09	76.0
everything has changed	Red (Deluxe Edition)	2012-10-22	49.0	243933.0	0.624	2013-11-09	37.0
sweeter than fiction	Sweeter Than Fiction	2013-10-21	51.0	237640.0	0.71	2013-11-09	34.0
red	Red (Deluxe Edition)	2012-10-22	53.0	220826.0	0.602	2013-11-16	76.0
everything has changed	Red (Deluxe Edition)	2012-10-22	49.0	243933.0	0.624	2013-11-16	47.0
red	Red (Deluxe Edition)	2012-10-22	53.0	220826.0	0.602	2013-11-23	32.0
everything has changed	Red (Deluxe Edition)	2012-10-22	49.0	243933.0	0.624	2013-11-23	55.0
red	Red (Deluxe Edition)	2012-10-22	53.0	220826.0	0.602	2013-11-30	51.0
everything has changed	Red (Deluxe Edition)	2012-10-22	49.0	243933.0	0.624	2013-11-30	58.0
red	Red (Deluxe Edition)	2012-10-22	53.0	220826.0	0.602	2013-12-07	53.0
red	Red (Deluxe Edition)	2012-10-22	53.0	220826.0	0.602	2013-12-14	51.0
shake it off	1989 (Deluxe Edition)	2014-10-27	58.0	219200.0	0.647	2014-09-06	1.0
shake it off	1989 (Deluxe Edition)	2014-10-27	58.0	219200.0	0.647	2014-09-13	1.0
shake it off	1989 (Deluxe Edition)	2014-10-27	58.0	219200.0	0.647	2014-09-20	2.0
shake it off	1989 (Deluxe Edition)	2014-10-27	58.0	219200.0	0.647	2014-09-27	2.0
shake it off	1989 (Deluxe Edition)	2014-10-27	58.0	219200.0	0.647	2014-10-04	2.0
shake it off	1989 (Deluxe Edition)	2014-10-27	58.0	219200.0	0.647	2014-10-11	2.0
shake it off	1989 (Deluxe Edition)	2014-10-27	58.0	219200.0	0.647	2014-10-18	2.0
shake it off	1989 (Deluxe Edition)	2014-10-27	58.0	219200.0	0.647	2014-10-25	2.0
out of the woods	1989 (Deluxe Edition)	2014-10-27	61.0	235800.0	0.553	2014-11-01	18.0
shake it off	1989 (Deluxe Edition)	2014-10-27	58.0	219200.0	0.647	2014-11-01	2.0
welcome to new york	1989 (Deluxe Edition)	2014-10-27	57.0	212600.0	0.789	2014-11-08	48.0
out of the woods	1989 (Deluxe Edition)	2014-10-27	61.0	235800.0	0.553	2014-11-08	77.0
shake it off	1989 (Deluxe Edition)	2014-10-27	58.0	219200.0	0.647	2014-11-08	2.0
welcome to new york	1989 (Deluxe Edition)	2014-10-27	57.0	212600.0	0.789	2014-11-15	69.0
blank space	1989 (Deluxe Edition)	2014-10-27	61.0	231826.0	0.76	2014-11-15	18.0
style	1989 (Deluxe Edition)	2014-10-27	65.0	231000.0	0.588	2014-11-15	60.0
shake it off	1989 (Deluxe Edition)	2014-10-27	58.0	219200.0	0.647	2014-11-15	1.0
bad blood	1989 (Deluxe Edition)	2014-10-27	57.0	211933.0	0.646	2014-11-15	80.0
wildest dreams	1989 (Deluxe Edition)	2014-10-27	57.0	220440.0	0.55	2014-11-15	76.0
blank space	1989 (Deluxe Edition)	2014-10-27	61.0	231826.0	0.76	2014-11-22	13.0
shake it off	1989 (Deluxe Edition)	2014-10-27	58.0	219200.0	0.647	2014-11-22	1.0
blank space	1989 (Deluxe Edition)	2014-10-27	61.0	231826.0	0.76	2014-11-29	1.0
shake it off	1989 (Deluxe Edition)	2014-10-27	58.0	219200.0	0.647	2014-11-29	3.0
blank space	1989 (Deluxe Edition)	2014-10-27	61.0	231826.0	0.76	2014-12-06	1.0
shake it off	1989 (Deluxe Edition)	2014-10-27	58.0	219200.0	0.647	2014-12-06	5.0
blank space	1989 (Deluxe Edition)	2014-10-27	61.0	231826.0	0.76	2014-12-13	1.0
shake it off	1989 (Deluxe Edition)	2014-10-27	58.0	219200.0	0.647	2014-12-13	4.0
blank space	1989 (Deluxe Edition)	2014-10-27	61.0	231826.0	0.76	2014-12-20	1.0
shake it off	1989 (Deluxe Edition)	2014-10-27	58.0	219200.0	0.647	2014-12-20	6.0
blank space	1989 (Deluxe Edition)	2014-10-27	61.0	231826.0	0.76	2014-12-27	1.0
style	1989 (Deluxe Edition)	2014-10-27	65.0	231000.0	0.588	2014-12-27	76.0
shake it off	1989 (Deluxe Edition)	2014-10-27	58.0	219200.0	0.647	2014-12-27	10.0
blank space	1989 (Deluxe Edition)	2014-10-27	61.0	231826.0	0.76	2015-01-03	1.0
shake it off	1989 (Deluxe Edition)	2014-10-27	58.0	219200.0	0.647	2015-01-03	11.0
blank space	1989 (Deluxe Edition)	2014-10-27	61.0	231826.0	0.76	2015-01-10	1.0
style	1989 (Deluxe Edition)	2014-10-27	65.0	231000.0	0.588	2015-01-10	84.0
shake it off	1989 (Deluxe Edition)	2014-10-27	58.0	219200.0	0.647	2015-01-10	9.0
bad blood	1989 (Deluxe Edition)	2014-10-27	57.0	211933.0	0.646	2015-01-10	78.0
blank space	1989 (Deluxe Edition)	2014-10-27	61.0	231826.0	0.76	2015-01-17	2.0
style	1989 (Deluxe Edition)	2014-10-27	65.0	231000.0	0.588	2015-01-17	71.0
shake it off	1989 (Deluxe Edition)	2014-10-27	58.0	219200.0	0.647	2015-01-17	7.0
blank space	1989 (Deluxe Edition)	2014-10-27	61.0	231826.0	0.76	2015-01-24	2.0
style	1989 (Deluxe Edition)	2014-10-27	65.0	231000.0	0.588	2015-01-24	72.0
shake it off	1989 (Deluxe Edition)	2014-10-27	58.0	219200.0	0.647	2015-01-24	9.0
blank space	1989 (Deluxe Edition)	2014-10-27	61.0	231826.0	0.76	2015-01-31	3.0
style	1989 (Deluxe Edition)	2014-10-27	65.0	231000.0	0.588	2015-01-31	52.0
shake it off	1989 (Deluxe Edition)	2014-10-27	58.0	219200.0	0.647	2015-01-31	5.0
blank space	1989 (Deluxe Edition)	2014-10-27	61.0	231826.0	0.76	2015-02-07	4.0
style	1989 (Deluxe Edition)	2014-10-27	65.0	231000.0	0.588	2015-02-07	37.0
shake it off	1989 (Deluxe Edition)	2014-10-27	58.0	219200.0	0.647	2015-02-07	5.0
blank space	1989 (Deluxe Edition)	2014-10-27	61.0	231826.0	0.76	2015-02-14	4.0
style	1989 (Deluxe Edition)	2014-10-27	65.0	231000.0	0.588	2015-02-14	29.0
shake it off	1989 (Deluxe Edition)	2014-10-27	58.0	219200.0	0.647	2015-02-14	9.0
blank space	1989 (Deluxe Edition)	2014-10-27	61.0	231826.0	0.76	2015-02-21	5.0
style	1989 (Deluxe Edition)	2014-10-27	65.0	231000.0	0.588	2015-02-21	18.0
shake it off	1989 (Deluxe Edition)	2014-10-27	58.0	219200.0	0.647	2015-02-21	10.0
blank space	1989 (Deluxe Edition)	2014-10-27	61.0	231826.0	0.76	2015-02-28	7.0
style	1989 (Deluxe Edition)	2014-10-27	65.0	231000.0	0.588	2015-02-28	10.0
shake it off	1989 (Deluxe Edition)	2014-10-27	58.0	219200.0	0.647	2015-02-28	15.0
blank space	1989 (Deluxe Edition)	2014-10-27	61.0	231826.0	0.76	2015-03-07	7.0
style	1989 (Deluxe Edition)	2014-10-27	65.0	231000.0	0.588	2015-03-07	8.0
shake it off	1989 (Deluxe Edition)	2014-10-27	58.0	219200.0	0.647	2015-03-07	15.0
wonderland	1989 (Deluxe Edition)	2014-10-27	64.0	245560.0	0.422	2015-03-07	51.0
blank space	1989 (Deluxe Edition)	2014-10-27	61.0	231826.0	0.76	2015-03-14	8.0
style	1989 (Deluxe Edition)	2014-10-27	65.0	231000.0	0.588	2015-03-14	7.0
shake it off	1989 (Deluxe Edition)	2014-10-27	58.0	219200.0	0.647	2015-03-14	21.0
you are in love	1989 (Deluxe Edition)	2014-10-27	63.0	267106.0	0.474	2015-03-14	83.0
blank space	1989 (Deluxe Edition)	2014-10-27	61.0	231826.0	0.76	2015-03-21	10.0
style	1989 (Deluxe Edition)	2014-10-27	65.0	231000.0	0.588	2015-03-21	6.0
shake it off	1989 (Deluxe Edition)	2014-10-27	58.0	219200.0	0.647	2015-03-21	24.0
new romantics	1989 (Deluxe Edition)	2014-10-27	68.0	230466.0	0.633	2015-03-21	71.0
blank space	1989 (Deluxe Edition)	2014-10-27	61.0	231826.0	0.76	2015-03-28	12.0
style	1989 (Deluxe Edition)	2014-10-27	65.0	231000.0	0.588	2015-03-28	7.0
shake it off	1989 (Deluxe Edition)	2014-10-27	58.0	219200.0	0.647	2015-03-28	22.0
blank space	1989 (Deluxe Edition)	2014-10-27	61.0	231826.0	0.76	2015-04-04	11.0
style	1989 (Deluxe Edition)	2014-10-27	65.0	231000.0	0.588	2015-04-04	7.0
shake it off	1989 (Deluxe Edition)	2014-10-27	58.0	219200.0	0.647	2015-04-04	24.0
blank space	1989 (Deluxe Edition)	2014-10-27	61.0	231826.0	0.76	2015-04-11	13.0
style	1989 (Deluxe Edition)	2014-10-27	65.0	231000.0	0.588	2015-04-11	7.0
shake it off	1989 (Deluxe Edition)	2014-10-27	58.0	219200.0	0.647	2015-04-11	24.0
blank space	1989 (Deluxe Edition)	2014-10-27	61.0	231826.0	0.76	2015-04-18	17.0
style	1989 (Deluxe Edition)	2014-10-27	65.0	231000.0	0.588	2015-04-18	7.0
shake it off	1989 (Deluxe Edition)	2014-10-27	58.0	219200.0	0.647	2015-04-18	26.0
blank space	1989 (Deluxe Edition)	2014-10-27	61.0	231826.0	0.76	2015-04-25	19.0
style	1989 (Deluxe Edition)	2014-10-27	65.0	231000.0	0.588	2015-04-25	10.0
shake it off	1989 (Deluxe Edition)	2014-10-27	58.0	219200.0	0.647	2015-04-25	27.0
blank space	1989 (Deluxe Edition)	2014-10-27	61.0	231826.0	0.76	2015-05-02	23.0
style	1989 (Deluxe Edition)	2014-10-27	65.0	231000.0	0.588	2015-05-02	12.0
shake it off	1989 (Deluxe Edition)	2014-10-27	58.0	219200.0	0.647	2015-05-02	32.0
blank space	1989 (Deluxe Edition)	2014-10-27	61.0	231826.0	0.76	2015-05-09	24.0
style	1989 (Deluxe Edition)	2014-10-27	65.0	231000.0	0.588	2015-05-09	12.0
shake it off	1989 (Deluxe Edition)	2014-10-27	58.0	219200.0	0.647	2015-05-09	33.0
blank space	1989 (Deluxe Edition)	2014-10-27	61.0	231826.0	0.76	2015-05-16	25.0
style	1989 (Deluxe Edition)	2014-10-27	65.0	231000.0	0.588	2015-05-16	15.0
shake it off	1989 (Deluxe Edition)	2014-10-27	58.0	219200.0	0.647	2015-05-16	34.0
blank space	1989 (Deluxe Edition)	2014-10-27	61.0	231826.0	0.76	2015-05-23	26.0
style	1989 (Deluxe Edition)	2014-10-27	65.0	231000.0	0.588	2015-05-23	17.0
shake it off	1989 (Deluxe Edition)	2014-10-27	58.0	219200.0	0.647	2015-05-23	35.0
blank space	1989 (Deluxe Edition)	2014-10-27	61.0	231826.0	0.76	2015-05-30	29.0
style	1989 (Deluxe Edition)	2014-10-27	65.0	231000.0	0.588	2015-05-30	20.0
shake it off	1989 (Deluxe Edition)	2014-10-27	58.0	219200.0	0.647	2015-05-30	34.0
bad blood	1989 (Deluxe Edition)	2014-10-27	57.0	211933.0	0.646	2015-05-30	53.0
blank space	1989 (Deluxe Edition)	2014-10-27	61.0	231826.0	0.76	2015-06-06	32.0
style	1989 (Deluxe Edition)	2014-10-27	65.0	231000.0	0.588	2015-06-06	23.0
shake it off	1989 (Deluxe Edition)	2014-10-27	58.0	219200.0	0.647	2015-06-06	34.0
bad blood	1989 (Deluxe Edition)	2014-10-27	57.0	211933.0	0.646	2015-06-06	1.0
blank space	1989 (Deluxe Edition)	2014-10-27	61.0	231826.0	0.76	2015-06-13	35.0
style	1989 (Deluxe Edition)	2014-10-27	65.0	231000.0	0.588	2015-06-13	27.0
shake it off	1989 (Deluxe Edition)	2014-10-27	58.0	219200.0	0.647	2015-06-13	39.0
bad blood	1989 (Deluxe Edition)	2014-10-27	57.0	211933.0	0.646	2015-06-13	2.0
blank space	1989 (Deluxe Edition)	2014-10-27	61.0	231826.0	0.76	2015-06-20	37.0
style	1989 (Deluxe Edition)	2014-10-27	65.0	231000.0	0.588	2015-06-20	31.0
shake it off	1989 (Deluxe Edition)	2014-10-27	58.0	219200.0	0.647	2015-06-20	38.0
bad blood	1989 (Deluxe Edition)	2014-10-27	57.0	211933.0	0.646	2015-06-20	2.0
blank space	1989 (Deluxe Edition)	2014-10-27	61.0	231826.0	0.76	2015-06-27	42.0
style	1989 (Deluxe Edition)	2014-10-27	65.0	231000.0	0.588	2015-06-27	34.0
shake it off	1989 (Deluxe Edition)	2014-10-27	58.0	219200.0	0.647	2015-06-27	39.0
bad blood	1989 (Deluxe Edition)	2014-10-27	57.0	211933.0	0.646	2015-06-27	2.0
blank space	1989 (Deluxe Edition)	2014-10-27	61.0	231826.0	0.76	2015-07-04	42.0
style	1989 (Deluxe Edition)	2014-10-27	65.0	231000.0	0.588	2015-07-04	38.0
shake it off	1989 (Deluxe Edition)	2014-10-27	58.0	219200.0	0.647	2015-07-04	40.0
bad blood	1989 (Deluxe Edition)	2014-10-27	57.0	211933.0	0.646	2015-07-04	2.0
blank space	1989 (Deluxe Edition)	2014-10-27	61.0	231826.0	0.76	2015-07-11	45.0
style	1989 (Deluxe Edition)	2014-10-27	65.0	231000.0	0.588	2015-07-11	41.0
shake it off	1989 (Deluxe Edition)	2014-10-27	58.0	219200.0	0.647	2015-07-11	39.0
bad blood	1989 (Deluxe Edition)	2014-10-27	57.0	211933.0	0.646	2015-07-11	2.0
blank space	1989 (Deluxe Edition)	2014-10-27	61.0	231826.0	0.76	2015-07-18	50.0
style	1989 (Deluxe Edition)	2014-10-27	65.0	231000.0	0.588	2015-07-18	48.0
shake it off	1989 (Deluxe Edition)	2014-10-27	58.0	219200.0	0.647	2015-07-18	46.0
bad blood	1989 (Deluxe Edition)	2014-10-27	57.0	211933.0	0.646	2015-07-18	4.0
style	1989 (Deluxe Edition)	2014-10-27	65.0	231000.0	0.588	2015-07-25	48.0
shake it off	1989 (Deluxe Edition)	2014-10-27	58.0	219200.0	0.647	2015-07-25	50.0
bad blood	1989 (Deluxe Edition)	2014-10-27	57.0	211933.0	0.646	2015-07-25	4.0
style	1989 (Deluxe Edition)	2014-10-27	65.0	231000.0	0.588	2015-08-01	48.0
shake it off	1989 (Deluxe Edition)	2014-10-27	58.0	219200.0	0.647	2015-08-01	47.0
bad blood	1989 (Deluxe Edition)	2014-10-27	57.0	211933.0	0.646	2015-08-01	4.0
shake it off	1989 (Deluxe Edition)	2014-10-27	58.0	219200.0	0.647	2015-08-08	47.0
bad blood	1989 (Deluxe Edition)	2014-10-27	57.0	211933.0	0.646	2015-08-08	4.0
shake it off	1989 (Deluxe Edition)	2014-10-27	58.0	219200.0	0.647	2015-08-15	50.0
bad blood	1989 (Deluxe Edition)	2014-10-27	57.0	211933.0	0.646	2015-08-15	4.0
bad blood	1989 (Deluxe Edition)	2014-10-27	57.0	211933.0	0.646	2015-08-22	6.0
bad blood	1989 (Deluxe Edition)	2014-10-27	57.0	211933.0	0.646	2015-08-29	9.0
bad blood	1989 (Deluxe Edition)	2014-10-27	57.0	211933.0	0.646	2015-09-05	12.0
bad blood	1989 (Deluxe Edition)	2014-10-27	57.0	211933.0	0.646	2015-09-12	18.0
bad blood	1989 (Deluxe Edition)	2014-10-27	57.0	211933.0	0.646	2015-09-19	21.0
wildest dreams	1989 (Deluxe Edition)	2014-10-27	57.0	220440.0	0.55	2015-09-19	15.0
bad blood	1989 (Deluxe Edition)	2014-10-27	57.0	211933.0	0.646	2015-09-26	25.0
wildest dreams	1989 (Deluxe Edition)	2014-10-27	57.0	220440.0	0.55	2015-09-26	12.0
bad blood	1989 (Deluxe Edition)	2014-10-27	57.0	211933.0	0.646	2015-10-03	29.0
wildest dreams	1989 (Deluxe Edition)	2014-10-27	57.0	220440.0	0.55	2015-10-03	13.0
bad blood	1989 (Deluxe Edition)	2014-10-27	57.0	211933.0	0.646	2015-10-10	37.0
wildest dreams	1989 (Deluxe Edition)	2014-10-27	57.0	220440.0	0.55	2015-10-10	10.0
bad blood	1989 (Deluxe Edition)	2014-10-27	57.0	211933.0	0.646	2015-10-17	43.0
wildest dreams	1989 (Deluxe Edition)	2014-10-27	57.0	220440.0	0.55	2015-10-17	8.0
bad blood	1989 (Deluxe Edition)	2014-10-27	57.0	211933.0	0.646	2015-10-24	46.0
wildest dreams	1989 (Deluxe Edition)	2014-10-27	57.0	220440.0	0.55	2015-10-24	9.0
bad blood	1989 (Deluxe Edition)	2014-10-27	57.0	211933.0	0.646	2015-10-31	49.0
wildest dreams	1989 (Deluxe Edition)	2014-10-27	57.0	220440.0	0.55	2015-10-31	6.0
wildest dreams	1989 (Deluxe Edition)	2014-10-27	57.0	220440.0	0.55	2015-11-07	5.0
wildest dreams	1989 (Deluxe Edition)	2014-10-27	57.0	220440.0	0.55	2015-11-14	7.0
wildest dreams	1989 (Deluxe Edition)	2014-10-27	57.0	220440.0	0.55	2015-11-21	8.0
wildest dreams	1989 (Deluxe Edition)	2014-10-27	57.0	220440.0	0.55	2015-11-28	8.0
wildest dreams	1989 (Deluxe Edition)	2014-10-27	57.0	220440.0	0.55	2015-12-05	9.0
wildest dreams	1989 (Deluxe Edition)	2014-10-27	57.0	220440.0	0.55	2015-12-12	13.0
wildest dreams	1989 (Deluxe Edition)	2014-10-27	57.0	220440.0	0.55	2015-12-19	14.0
wildest dreams	1989 (Deluxe Edition)	2014-10-27	57.0	220440.0	0.55	2015-12-26	18.0
wildest dreams	1989 (Deluxe Edition)	2014-10-27	57.0	220440.0	0.55	2016-01-02	23.0
wildest dreams	1989 (Deluxe Edition)	2014-10-27	57.0	220440.0	0.55	2016-01-09	22.0
wildest dreams	1989 (Deluxe Edition)	2014-10-27	57.0	220440.0	0.55	2016-01-16	18.0
out of the woods	1989 (Deluxe Edition)	2014-10-27	61.0	235800.0	0.553	2016-01-23	46.0
wildest dreams	1989 (Deluxe Edition)	2014-10-27	57.0	220440.0	0.55	2016-01-23	21.0
out of the woods	1989 (Deluxe Edition)	2014-10-27	61.0	235800.0	0.553	2016-01-30	55.0
wildest dreams	1989 (Deluxe Edition)	2014-10-27	57.0	220440.0	0.55	2016-01-30	28.0
out of the woods	1989 (Deluxe Edition)	2014-10-27	61.0	235800.0	0.553	2016-02-06	50.0
wildest dreams	1989 (Deluxe Edition)	2014-10-27	57.0	220440.0	0.55	2016-02-06	34.0
out of the woods	1989 (Deluxe Edition)	2014-10-27	61.0	235800.0	0.553	2016-02-13	44.0
wildest dreams	1989 (Deluxe Edition)	2014-10-27	57.0	220440.0	0.55	2016-02-13	34.0
out of the woods	1989 (Deluxe Edition)	2014-10-27	61.0	235800.0	0.553	2016-02-20	49.0
wildest dreams	1989 (Deluxe Edition)	2014-10-27	57.0	220440.0	0.55	2016-02-20	35.0
out of the woods	1989 (Deluxe Edition)	2014-10-27	61.0	235800.0	0.553	2016-02-27	51.0
wildest dreams	1989 (Deluxe Edition)	2014-10-27	57.0	220440.0	0.55	2016-02-27	38.0
out of the woods	1989 (Deluxe Edition)	2014-10-27	61.0	235800.0	0.553	2016-03-05	53.0
wildest dreams	1989 (Deluxe Edition)	2014-10-27	57.0	220440.0	0.55	2016-03-05	46.0
out of the woods	1989 (Deluxe Edition)	2014-10-27	61.0	235800.0	0.553	2016-03-12	77.0
wildest dreams	1989 (Deluxe Edition)	2014-10-27	57.0	220440.0	0.55	2016-03-12	46.0
new romantics	1989 (Deluxe Edition)	2014-10-27	68.0	230466.0	0.633	2016-03-26	73.0
new romantics	1989 (Deluxe Edition)	2014-10-27	68.0	230466.0	0.633	2016-04-02	69.0
new romantics	1989 (Deluxe Edition)	2014-10-27	68.0	230466.0	0.633	2016-04-09	62.0
new romantics	1989 (Deluxe Edition)	2014-10-27	68.0	230466.0	0.633	2016-04-16	61.0
new romantics	1989 (Deluxe Edition)	2014-10-27	68.0	230466.0	0.633	2016-04-23	62.0
new romantics	1989 (Deluxe Edition)	2014-10-27	68.0	230466.0	0.633	2016-04-30	46.0
new romantics	1989 (Deluxe Edition)	2014-10-27	68.0	230466.0	0.633	2016-05-07	78.0
look what you made me do	reputation	2017-11-10	78.0	211853.0	0.766	2017-09-09	77.0
look what you made me do	reputation	2017-11-10	78.0	211853.0	0.766	2017-09-16	1.0
...ready for it?	reputation	2017-11-10	75.0	208186.0	0.613	2017-09-23	4.0
look what you made me do	reputation	2017-11-10	78.0	211853.0	0.766	2017-09-23	1.0
...ready for it?	reputation	2017-11-10	75.0	208186.0	0.613	2017-09-30	21.0
look what you made me do	reputation	2017-11-10	78.0	211853.0	0.766	2017-09-30	1.0
...ready for it?	reputation	2017-11-10	75.0	208186.0	0.613	2017-10-07	34.0
look what you made me do	reputation	2017-11-10	78.0	211853.0	0.766	2017-10-07	3.0
...ready for it?	reputation	2017-11-10	75.0	208186.0	0.613	2017-10-14	39.0
look what you made me do	reputation	2017-11-10	78.0	211853.0	0.766	2017-10-14	3.0
...ready for it?	reputation	2017-11-10	75.0	208186.0	0.613	2017-10-21	47.0
look what you made me do	reputation	2017-11-10	78.0	211853.0	0.766	2017-10-21	5.0
...ready for it?	reputation	2017-11-10	75.0	208186.0	0.613	2017-10-28	53.0
look what you made me do	reputation	2017-11-10	78.0	211853.0	0.766	2017-10-28	4.0
...ready for it?	reputation	2017-11-10	75.0	208186.0	0.613	2017-11-04	52.0
look what you made me do	reputation	2017-11-10	78.0	211853.0	0.766	2017-11-04	10.0
...ready for it?	reputation	2017-11-10	75.0	208186.0	0.613	2017-11-11	46.0
look what you made me do	reputation	2017-11-10	78.0	211853.0	0.766	2017-11-11	25.0
gorgeous	reputation	2017-11-10	77.0	209680.0	0.8	2017-11-11	13.0
...ready for it?	reputation	2017-11-10	75.0	208186.0	0.613	2017-11-18	19.0
look what you made me do	reputation	2017-11-10	78.0	211853.0	0.766	2017-11-18	34.0
gorgeous	reputation	2017-11-10	77.0	209680.0	0.8	2017-11-18	69.0
...ready for it?	reputation	2017-11-10	75.0	208186.0	0.613	2017-11-25	30.0
look what you made me do	reputation	2017-11-10	78.0	211853.0	0.766	2017-11-25	37.0
gorgeous	reputation	2017-11-10	77.0	209680.0	0.8	2017-11-25	85.0
call it what you want	reputation	2017-11-10	73.0	203506.0	0.598	2017-11-25	27.0
...ready for it?	reputation	2017-11-10	75.0	208186.0	0.613	2017-12-02	18.0
look what you made me do	reputation	2017-11-10	78.0	211853.0	0.766	2017-12-02	31.0
gorgeous	reputation	2017-11-10	77.0	209680.0	0.8	2017-12-02	89.0
call it what you want	reputation	2017-11-10	73.0	203506.0	0.598	2017-12-02	73.0
...ready for it?	reputation	2017-11-10	75.0	208186.0	0.613	2017-12-09	24.0
end game	reputation	2017-11-10	73.0	244826.0	0.649	2017-12-09	86.0
look what you made me do	reputation	2017-11-10	78.0	211853.0	0.766	2017-12-09	44.0
...ready for it?	reputation	2017-11-10	75.0	208186.0	0.613	2017-12-16	31.0
end game	reputation	2017-11-10	73.0	244826.0	0.649	2017-12-16	83.0
look what you made me do	reputation	2017-11-10	78.0	211853.0	0.766	2017-12-16	60.0
...ready for it?	reputation	2017-11-10	75.0	208186.0	0.613	2017-12-23	43.0
end game	reputation	2017-11-10	73.0	244826.0	0.649	2017-12-23	39.0
look what you made me do	reputation	2017-11-10	78.0	211853.0	0.766	2017-12-23	72.0
...ready for it?	reputation	2017-11-10	75.0	208186.0	0.613	2017-12-30	37.0
end game	reputation	2017-11-10	73.0	244826.0	0.649	2017-12-30	49.0
look what you made me do	reputation	2017-11-10	78.0	211853.0	0.766	2017-12-30	70.0
...ready for it?	reputation	2017-11-10	75.0	208186.0	0.613	2018-01-03	59.0
end game	reputation	2017-11-10	73.0	244826.0	0.649	2018-01-03	42.0
look what you made me do	reputation	2017-11-10	78.0	211853.0	0.766	2018-01-03	76.0
...ready for it?	reputation	2017-11-10	75.0	208186.0	0.613	2018-01-13	58.0
end game	reputation	2017-11-10	73.0	244826.0	0.649	2018-01-13	39.0
look what you made me do	reputation	2017-11-10	78.0	211853.0	0.766	2018-01-13	55.0
...ready for it?	reputation	2017-11-10	75.0	208186.0	0.613	2018-01-20	80.0
end game	reputation	2017-11-10	73.0	244826.0	0.649	2018-01-20	36.0
...ready for it?	reputation	2017-11-10	75.0	208186.0	0.613	2018-01-27	96.0
end game	reputation	2017-11-10	73.0	244826.0	0.649	2018-01-27	18.0
end game	reputation	2017-11-10	73.0	244826.0	0.649	2018-02-03	30.0
end game	reputation	2017-11-10	73.0	244826.0	0.649	2018-02-10	43.0
end game	reputation	2017-11-10	73.0	244826.0	0.649	2018-02-17	45.0
end game	reputation	2017-11-10	73.0	244826.0	0.649	2018-02-24	65.0
end game	reputation	2017-11-10	73.0	244826.0	0.649	2018-03-03	91.0
delicate	reputation	2017-11-10	78.0	232253.0	0.75	2018-03-24	84.0
delicate	reputation	2017-11-10	78.0	232253.0	0.75	2018-03-31	66.0
delicate	reputation	2017-11-10	78.0	232253.0	0.75	2018-04-07	52.0
delicate	reputation	2017-11-10	78.0	232253.0	0.75	2018-04-14	46.0
delicate	reputation	2017-11-10	78.0	232253.0	0.75	2018-04-21	54.0
delicate	reputation	2017-11-10	78.0	232253.0	0.75	2018-04-28	51.0
delicate	reputation	2017-11-10	78.0	232253.0	0.75	2018-05-05	52.0
delicate	reputation	2017-11-10	78.0	232253.0	0.75	2018-05-12	56.0
delicate	reputation	2017-11-10	78.0	232253.0	0.75	2018-05-19	46.0
delicate	reputation	2017-11-10	78.0	232253.0	0.75	2018-05-26	36.0
delicate	reputation	2017-11-10	78.0	232253.0	0.75	2018-06-02	34.0
delicate	reputation	2017-11-10	78.0	232253.0	0.75	2018-06-09	28.0
delicate	reputation	2017-11-10	78.0	232253.0	0.75	2018-06-16	37.0
delicate	reputation	2017-11-10	78.0	232253.0	0.75	2018-06-23	25.0
delicate	reputation	2017-11-10	78.0	232253.0	0.75	2018-06-30	27.0
delicate	reputation	2017-11-10	78.0	232253.0	0.75	2018-07-07	20.0
delicate	reputation	2017-11-10	78.0	232253.0	0.75	2018-07-14	23.0
delicate	reputation	2017-11-10	78.0	232253.0	0.75	2018-07-21	15.0
delicate	reputation	2017-11-10	78.0	232253.0	0.75	2018-07-28	12.0
delicate	reputation	2017-11-10	78.0	232253.0	0.75	2018-08-04	12.0
delicate	reputation	2017-11-10	78.0	232253.0	0.75	2018-08-11	13.0
delicate	reputation	2017-11-10	78.0	232253.0	0.75	2018-08-18	17.0
delicate	reputation	2017-11-10	78.0	232253.0	0.75	2018-08-25	16.0
delicate	reputation	2017-11-10	78.0	232253.0	0.75	2018-09-01	19.0
delicate	reputation	2017-11-10	78.0	232253.0	0.75	2018-09-08	25.0
delicate	reputation	2017-11-10	78.0	232253.0	0.75	2018-09-15	29.0
delicate	reputation	2017-11-10	78.0	232253.0	0.75	2018-09-22	25.0
delicate	reputation	2017-11-10	78.0	232253.0	0.75	2018-09-29	27.0
delicate	reputation	2017-11-10	78.0	232253.0	0.75	2018-10-06	29.0
delicate	reputation	2017-11-10	78.0	232253.0	0.75	2018-10-13	37.0
delicate	reputation	2017-11-10	78.0	232253.0	0.75	2018-10-20	33.0
delicate	reputation	2017-11-10	78.0	232253.0	0.75	2018-10-27	34.0
delicate	reputation	2017-11-10	78.0	232253.0	0.75	2018-11-03	38.0
delicate	reputation	2017-11-10	78.0	232253.0	0.75	2018-11-10	43.0
delicate	reputation	2017-11-10	78.0	232253.0	0.75	2018-11-17	49.0
me!	Lover	2019-08-23	76.0	193000.0	0.61	2019-05-04	100.0
me!	Lover	2019-08-23	76.0	193000.0	0.61	2019-05-11	2.0
me!	Lover	2019-08-23	76.0	193000.0	0.61	2019-05-18	3.0
me!	Lover	2019-08-23	76.0	193000.0	0.61	2019-05-25	8.0
me!	Lover	2019-08-23	76.0	193000.0	0.61	2019-06-01	9.0
me!	Lover	2019-08-23	76.0	193000.0	0.61	2019-06-08	11.0
me!	Lover	2019-08-23	76.0	193000.0	0.61	2019-06-15	11.0
me!	Lover	2019-08-23	76.0	193000.0	0.61	2019-06-22	14.0
you need to calm down	Lover	2019-08-23	76.0	171360.0	0.771	2019-06-29	2.0
me!	Lover	2019-08-23	76.0	193000.0	0.61	2019-06-29	15.0
you need to calm down	Lover	2019-08-23	76.0	171360.0	0.771	2019-07-06	13.0
me!	Lover	2019-08-23	76.0	193000.0	0.61	2019-07-06	31.0
you need to calm down	Lover	2019-08-23	76.0	171360.0	0.771	2019-07-13	13.0
me!	Lover	2019-08-23	76.0	193000.0	0.61	2019-07-13	39.0
you need to calm down	Lover	2019-08-23	76.0	171360.0	0.771	2019-07-20	16.0
me!	Lover	2019-08-23	76.0	193000.0	0.61	2019-07-20	52.0
you need to calm down	Lover	2019-08-23	76.0	171360.0	0.771	2019-07-27	15.0
me!	Lover	2019-08-23	76.0	193000.0	0.61	2019-07-27	55.0
the archer	Lover	2019-08-23	71.0	211240.0	0.292	2019-08-03	69.0
you need to calm down	Lover	2019-08-23	76.0	171360.0	0.771	2019-08-03	15.0
me!	Lover	2019-08-23	76.0	193000.0	0.61	2019-08-03	58.0
the archer	Lover	2019-08-23	71.0	211240.0	0.292	2019-08-10	79.0
you need to calm down	Lover	2019-08-23	76.0	171360.0	0.771	2019-08-10	16.0
me!	Lover	2019-08-23	76.0	193000.0	0.61	2019-08-10	61.0
you need to calm down	Lover	2019-08-23	76.0	171360.0	0.771	2019-08-17	18.0
me!	Lover	2019-08-23	76.0	193000.0	0.61	2019-08-17	66.0
you need to calm down	Lover	2019-08-23	76.0	171360.0	0.771	2019-08-24	18.0
me!	Lover	2019-08-23	76.0	193000.0	0.61	2019-08-24	63.0
lover	Lover	2019-08-23	84.0	221306.0	0.359	2019-08-31	19.0
you need to calm down	Lover	2019-08-23	76.0	171360.0	0.771	2019-08-31	14.0
me!	Lover	2019-08-23	76.0	193000.0	0.61	2019-08-31	58.0
i forgot that you existed	Lover	2019-08-23	72.0	170640.0	0.664	2019-09-07	28.0
cruel summer	Lover	2019-08-23	84.0	178426.0	0.552	2019-09-07	29.0
lover	Lover	2019-08-23	84.0	221306.0	0.359	2019-09-07	10.0
the man	Lover	2019-08-23	78.0	190360.0	0.777	2019-09-07	23.0
the archer	Lover	2019-08-23	71.0	211240.0	0.292	2019-09-07	38.0
i think he knows	Lover	2019-08-23	72.0	173386.0	0.897	2019-09-07	51.0
miss americana & the heartbreak prince	Lover	2019-08-23	70.0	234146.0	0.662	2019-09-07	49.0
paper rings	Lover	2019-08-23	81.0	222400.0	0.811	2019-09-07	45.0
cornelia street	Lover	2019-08-23	73.0	287266.0	0.824	2019-09-07	57.0
death by a thousand cuts	Lover	2019-08-23	73.0	198533.0	0.712	2019-09-07	67.0
london boy	Lover	2019-08-23	73.0	190240.0	0.695	2019-09-07	62.0
soon you'll get better	Lover	2019-08-23	66.0	201586.0	0.433	2019-09-07	63.0
false god	Lover	2019-08-23	71.0	200306.0	0.739	2019-09-07	77.0
you need to calm down	Lover	2019-08-23	76.0	171360.0	0.771	2019-09-07	4.0
afterglow	Lover	2019-08-23	76.0	223293.0	0.756	2019-09-07	75.0
me!	Lover	2019-08-23	76.0	193000.0	0.61	2019-09-07	11.0
it's nice to have a friend	Lover	2019-08-23	66.0	150440.0	0.737	2019-09-07	92.0
daylight	Lover	2019-08-23	73.0	293453.0	0.557	2019-09-07	89.0
i forgot that you existed	Lover	2019-08-23	72.0	170640.0	0.664	2019-09-14	74.0
cruel summer	Lover	2019-08-23	84.0	178426.0	0.552	2019-09-14	71.0
lover	Lover	2019-08-23	84.0	221306.0	0.359	2019-09-14	23.0
the man	Lover	2019-08-23	78.0	190360.0	0.777	2019-09-14	61.0
you need to calm down	Lover	2019-08-23	76.0	171360.0	0.771	2019-09-14	12.0
me!	Lover	2019-08-23	76.0	193000.0	0.61	2019-09-14	54.0
lover	Lover	2019-08-23	84.0	221306.0	0.359	2019-09-21	49.0
the man	Lover	2019-08-23	78.0	190360.0	0.777	2019-09-21	96.0
you need to calm down	Lover	2019-08-23	76.0	171360.0	0.771	2019-09-21	24.0
lover	Lover	2019-08-23	84.0	221306.0	0.359	2019-09-28	49.0
you need to calm down	Lover	2019-08-23	76.0	171360.0	0.771	2019-09-28	21.0
lover	Lover	2019-08-23	84.0	221306.0	0.359	2019-10-05	44.0
you need to calm down	Lover	2019-08-23	76.0	171360.0	0.771	2019-10-05	23.0
lover	Lover	2019-08-23	84.0	221306.0	0.359	2019-10-12	45.0
you need to calm down	Lover	2019-08-23	76.0	171360.0	0.771	2019-10-12	27.0
lover	Lover	2019-08-23	84.0	221306.0	0.359	2019-10-19	34.0
you need to calm down	Lover	2019-08-23	76.0	171360.0	0.771	2019-10-19	28.0
lover	Lover	2019-08-23	84.0	221306.0	0.359	2019-10-26	37.0
you need to calm down	Lover	2019-08-23	76.0	171360.0	0.771	2019-10-26	33.0
lover	Lover	2019-08-23	84.0	221306.0	0.359	2019-11-02	38.0
you need to calm down	Lover	2019-08-23	76.0	171360.0	0.771	2019-11-02	37.0
lover	Lover	2019-08-23	84.0	221306.0	0.359	2019-11-09	48.0
you need to calm down	Lover	2019-08-23	76.0	171360.0	0.771	2019-11-09	52.0
lover	Lover	2019-08-23	84.0	221306.0	0.359	2019-11-16	43.0
you need to calm down	Lover	2019-08-23	76.0	171360.0	0.771	2019-11-16	46.0
lover	Lover	2019-08-23	84.0	221306.0	0.359	2019-11-23	26.0
lover	Lover	2019-08-23	84.0	221306.0	0.359	2019-11-30	15.0
lover	Lover	2019-08-23	84.0	221306.0	0.359	2019-12-07	19.0
lover	Lover	2019-08-23	84.0	221306.0	0.359	2019-12-14	32.0
lover	Lover	2019-08-23	84.0	221306.0	0.359	2019-12-21	40.0
christmas tree farm	Christmas Tree Farm	2019-12-06	68.0	228026.0	0.598	2019-12-21	59.0
lover	Lover	2019-08-23	84.0	221306.0	0.359	2019-12-28	48.0
lover	Lover	2019-08-23	84.0	221306.0	0.359	2020-01-04	57.0
lover	Lover	2019-08-23	84.0	221306.0	0.359	2020-01-11	34.0
lover	Lover	2019-08-23	84.0	221306.0	0.359	2020-01-18	36.0
lover	Lover	2019-08-23	84.0	221306.0	0.359	2020-01-25	50.0
only the young	Only The Young (Featured in Miss Americana)	2020-01-31	63.0	157507.0	0.56	2020-02-15	50.0
the man	Lover	2019-08-23	78.0	190360.0	0.777	2020-03-07	92.0
the man	Lover	2019-08-23	78.0	190360.0	0.777	2020-03-14	85.0
the man	Lover	2019-08-23	78.0	190360.0	0.777	2020-04-11	90.0
the man	Lover	2019-08-23	78.0	190360.0	0.777	2020-04-18	88.0
the man	Lover	2019-08-23	78.0	190360.0	0.777	2020-04-25	88.0
the 1	folklore (deluxe version)	2020-08-18	67.0	210240.0	0.78	2020-08-08	4.0
cardigan	folklore (deluxe version)	2020-08-18	69.0	239560.0	0.612	2020-08-08	1.0
the last great american dynasty	folklore (deluxe version)	2020-08-18	66.0	231000.0	0.688	2020-08-08	13.0
exile	folklore (deluxe version)	2020-08-18	67.0	285640.0	0.31	2020-08-08	6.0
my tears ricochet	folklore (deluxe version)	2020-08-18	67.0	255893.0	0.456	2020-08-08	16.0
mirrorball	folklore (deluxe version)	2020-08-18	66.0	208973.0	0.549	2020-08-08	26.0
seven	folklore (deluxe version)	2020-08-18	65.0	208906.0	0.602	2020-08-08	35.0
august	folklore (deluxe version)	2020-08-18	67.0	261920.0	0.387	2020-08-08	23.0
this is me trying	folklore (deluxe version)	2020-08-18	66.0	195106.0	0.511	2020-08-08	39.0
illicit affairs	folklore (deluxe version)	2020-08-18	65.0	190893.0	0.529	2020-08-08	44.0
invisible string	folklore (deluxe version)	2020-08-18	64.0	252880.0	0.651	2020-08-08	37.0
mad woman	folklore (deluxe version)	2020-08-18	63.0	237266.0	0.593	2020-08-08	47.0
epiphany	folklore (deluxe version)	2020-08-18	62.0	289746.0	0.317	2020-08-08	57.0
betty	folklore (deluxe version)	2020-08-18	64.0	294520.0	0.595	2020-08-08	42.0
peace	folklore (deluxe version)	2020-08-18	62.0	234000.0	0.644	2020-08-08	58.0
hoax	folklore (deluxe version)	2020-08-18	61.0	220040.0	0.676	2020-08-08	71.0
the 1	folklore (deluxe version)	2020-08-18	67.0	210240.0	0.78	2020-08-15	23.0
cardigan	folklore (deluxe version)	2020-08-18	69.0	239560.0	0.612	2020-08-15	8.0
the last great american dynasty	folklore (deluxe version)	2020-08-18	66.0	231000.0	0.688	2020-08-15	66.0
exile	folklore (deluxe version)	2020-08-18	67.0	285640.0	0.31	2020-08-15	36.0
my tears ricochet	folklore (deluxe version)	2020-08-18	67.0	255893.0	0.456	2020-08-15	69.0
mirrorball	folklore (deluxe version)	2020-08-18	66.0	208973.0	0.549	2020-08-15	93.0
seven	folklore (deluxe version)	2020-08-18	65.0	208906.0	0.602	2020-08-15	98.0
august	folklore (deluxe version)	2020-08-18	67.0	261920.0	0.387	2020-08-15	73.0
invisible string	folklore (deluxe version)	2020-08-18	64.0	252880.0	0.651	2020-08-15	85.0
betty	folklore (deluxe version)	2020-08-18	64.0	294520.0	0.595	2020-08-15	91.0
the 1	folklore (deluxe version)	2020-08-18	67.0	210240.0	0.78	2020-08-22	50.0
cardigan	folklore (deluxe version)	2020-08-18	69.0	239560.0	0.612	2020-08-22	24.0
exile	folklore (deluxe version)	2020-08-18	67.0	285640.0	0.31	2020-08-22	61.0
the 1	folklore (deluxe version)	2020-08-18	67.0	210240.0	0.78	2020-08-29	67.0
cardigan	folklore (deluxe version)	2020-08-18	69.0	239560.0	0.612	2020-08-29	33.0
exile	folklore (deluxe version)	2020-08-18	67.0	285640.0	0.31	2020-08-29	82.0
the 1	folklore (deluxe version)	2020-08-18	67.0	210240.0	0.78	2020-09-05	85.0
cardigan	folklore (deluxe version)	2020-08-18	69.0	239560.0	0.612	2020-09-05	36.0
exile	folklore (deluxe version)	2020-08-18	67.0	285640.0	0.31	2020-09-05	98.0
the 1	folklore (deluxe version)	2020-08-18	67.0	210240.0	0.78	2020-09-12	92.0
cardigan	folklore (deluxe version)	2020-08-18	69.0	239560.0	0.612	2020-09-12	45.0
cardigan	folklore (deluxe version)	2020-08-18	69.0	239560.0	0.612	2020-09-19	52.0
cardigan	folklore (deluxe version)	2020-08-18	69.0	239560.0	0.612	2020-09-26	52.0
cardigan	folklore (deluxe version)	2020-08-18	69.0	239560.0	0.612	2020-10-03	49.0
cardigan	folklore (deluxe version)	2020-08-18	69.0	239560.0	0.612	2020-10-10	53.0
cardigan	folklore (deluxe version)	2020-08-18	69.0	239560.0	0.612	2020-10-17	77.0
cardigan	folklore (deluxe version)	2020-08-18	69.0	239560.0	0.612	2020-10-24	85.0
cardigan	folklore (deluxe version)	2020-08-18	69.0	239560.0	0.612	2020-10-31	88.0
cardigan	folklore (deluxe version)	2020-08-18	69.0	239560.0	0.612	2020-11-07	96.0
willow	evermore (deluxe version)	2021-01-07	67.0	214706.0	0.392	2020-12-26	1.0
champagne problems	evermore (deluxe version)	2021-01-07	69.0	244000.0	0.462	2020-12-26	21.0
gold rush	evermore (deluxe version)	2021-01-07	66.0	185320.0	0.512	2020-12-26	40.0
tolerate it	evermore (deluxe version)	2021-01-07	66.0	245440.0	0.316	2020-12-26	45.0
no body, no crime	evermore (deluxe version)	2021-01-07	65.0	215626.0	0.546	2020-12-26	34.0
happiness	evermore (deluxe version)	2021-01-07	64.0	315146.0	0.559	2020-12-26	52.0
dorothea	evermore (deluxe version)	2021-01-07	63.0	225880.0	0.605	2020-12-26	67.0
coney island	evermore (deluxe version)	2021-01-07	64.0	275320.0	0.537	2020-12-26	63.0
ivy	evermore (deluxe version)	2021-01-07	64.0	260440.0	0.515	2020-12-26	61.0
cowboy like me	evermore (deluxe version)	2021-01-07	64.0	275040.0	0.604	2020-12-26	71.0
long story short	evermore (deluxe version)	2021-01-07	63.0	215920.0	0.546	2020-12-26	68.0
marjorie	evermore (deluxe version)	2021-01-07	63.0	257773.0	0.535	2020-12-26	75.0
closure	evermore (deluxe version)	2021-01-07	61.0	180653.0	0.689	2020-12-26	82.0
evermore	evermore (deluxe version)	2021-01-07	64.0	304106.0	0.39	2020-12-26	57.0
willow	evermore (deluxe version)	2021-01-07	67.0	214706.0	0.392	2021-01-02	38.0
champagne problems	evermore (deluxe version)	2021-01-07	69.0	244000.0	0.462	2021-01-02	77.0
no body, no crime	evermore (deluxe version)	2021-01-07	65.0	215626.0	0.546	2021-01-02	97.0
willow	evermore (deluxe version)	2021-01-07	67.0	214706.0	0.392	2021-01-09	23.0
willow	evermore (deluxe version)	2021-01-07	67.0	214706.0	0.392	2021-01-16	22.0
willow	evermore (deluxe version)	2021-01-07	67.0	214706.0	0.392	2021-01-23	29.0
willow	evermore (deluxe version)	2021-01-07	67.0	214706.0	0.392	2021-01-30	28.0
willow	evermore (deluxe version)	2021-01-07	67.0	214706.0	0.392	2021-02-06	28.0
willow	evermore (deluxe version)	2021-01-07	67.0	214706.0	0.392	2021-02-13	29.0
willow	evermore (deluxe version)	2021-01-07	67.0	214706.0	0.392	2021-02-20	29.0
love story (taylor's version)	Fearless (Taylor's Version)	2021-04-09	75.0	235766.0	0.627	2021-02-27	11.0
willow	evermore (deluxe version)	2021-01-07	67.0	214706.0	0.392	2021-02-27	25.0
willow	evermore (deluxe version)	2021-01-07	67.0	214706.0	0.392	2021-03-06	29.0
willow	evermore (deluxe version)	2021-01-07	67.0	214706.0	0.392	2021-03-13	32.0
willow	evermore (deluxe version)	2021-01-07	67.0	214706.0	0.392	2021-03-20	42.0
willow	evermore (deluxe version)	2021-01-07	67.0	214706.0	0.392	2021-03-27	39.0
willow	evermore (deluxe version)	2021-01-07	67.0	214706.0	0.392	2021-04-03	50.0
you all over me (taylor's version) (from the vault)	Fearless (Taylor's Version)	2021-04-09	60.0	220839.0	0.599	2021-04-10	51.0
willow	evermore (deluxe version)	2021-01-07	67.0	214706.0	0.392	2021-04-10	59.0
mr. perfectly fine (taylor's version) (from the vault)	Fearless (Taylor's Version)	2021-04-09	70.0	277591.0	0.66	2021-04-17	90.0
willow	evermore (deluxe version)	2021-01-07	67.0	214706.0	0.392	2021-04-17	60.0
fearless (taylor's version)	Fearless (Taylor's Version)	2021-04-09	70.0	241591.0	0.569	2021-04-24	71.0
fifteen (taylor's version)	Fearless (Taylor's Version)	2021-04-09	67.0	294419.0	0.559	2021-04-24	88.0
love story (taylor's version)	Fearless (Taylor's Version)	2021-04-09	75.0	235766.0	0.627	2021-04-24	52.0
you belong with me (taylor's version)	Fearless (Taylor's Version)	2021-04-09	79.0	231124.0	0.632	2021-04-24	75.0
the way i loved you (taylor's version)	Fearless (Taylor's Version)	2021-04-09	80.0	243136.0	0.402	2021-04-24	94.0
forever & always (taylor's version)	Fearless (Taylor's Version)	2021-04-09	68.0	225328.0	0.598	2021-04-24	65.0
you all over me (taylor's version) (from the vault)	Fearless (Taylor's Version)	2021-04-09	60.0	220839.0	0.599	2021-04-24	72.0
mr. perfectly fine (taylor's version) (from the vault)	Fearless (Taylor's Version)	2021-04-09	70.0	277591.0	0.66	2021-04-24	30.0
willow	evermore (deluxe version)	2021-01-07	67.0	214706.0	0.392	2021-04-24	62.0
mr. perfectly fine (taylor's version) (from the vault)	Fearless (Taylor's Version)	2021-04-09	70.0	277591.0	0.66	2021-05-01	90.0
willow	evermore (deluxe version)	2021-01-07	67.0	214706.0	0.392	2021-05-01	60.0
willow	evermore (deluxe version)	2021-01-07	67.0	214706.0	0.392	2021-05-08	61.0
wildest dreams (taylor's version)	This Love (Taylors Version)	2022-05-06	61.0	220433.0	0.587	2021-10-02	37.0
state of grace (taylor's version)	Red (Taylor's Version)	2021-11-12	69.0	295413.0	0.594	2021-11-27	18.0
red (taylor's version)	Red (Taylor's Version)	2021-11-12	76.0	223093.0	0.516	2021-11-27	25.0
treacherous (taylor's version)	Red (Taylor's Version)	2021-11-12	69.0	242720.0	0.645	2021-11-27	54.0
i knew you were trouble (taylor's version)	Red (Taylor's Version)	2021-11-12	73.0	219760.0	0.584	2021-11-27	46.0
all too well (taylor's version)	Red (Taylor's Version)	2021-11-12	74.0	329160.0	0.44	2021-11-27	1.0
22 (taylor's version)	Red (Taylor's Version)	2021-11-12	71.0	230960.0	0.642	2021-11-27	52.0
i almost do (taylor's version)	Red (Taylor's Version)	2021-11-12	67.0	244586.0	0.511	2021-11-27	59.0
we are never ever getting back together (taylor's version)	Red (Taylor's Version)	2021-11-12	74.0	193146.0	0.567	2021-11-27	55.0
stay stay stay (taylor's version)	Red (Taylor's Version)	2021-11-12	67.0	205786.0	0.693	2021-11-27	67.0
the last time (taylor's version)	Red (Taylor's Version)	2021-11-12	68.0	299080.0	0.502	2021-11-27	66.0
holy ground (taylor's version)	Red (Taylor's Version)	2021-11-12	66.0	202960.0	0.622	2021-11-27	76.0
sad beautiful tragic (taylor's version)	Red (Taylor's Version)	2021-11-12	68.0	284773.0	0.601	2021-11-27	85.0
the lucky one (taylor's version)	Red (Taylor's Version)	2021-11-12	66.0	240466.0	0.686	2021-11-27	84.0
everything has changed (taylor's version)	Red (Taylor's Version)	2021-11-12	71.0	245426.0	0.498	2021-11-27	63.0
starlight (taylor's version)	Red (Taylor's Version)	2021-11-12	65.0	220413.0	0.628	2021-11-27	90.0
begin again (taylor's version)	Red (Taylor's Version)	2021-11-12	68.0	238866.0	0.519	2021-11-27	77.0
the moment i knew (taylor's version)	Red (Taylor's Version)	2021-11-12	65.0	285280.0	0.636	2021-11-27	83.0
come back...be here (taylor's version)	Red (Taylor's Version)	2021-11-12	69.0	223333.0	0.46	2021-11-27	87.0
better man (taylor's version) (from the vault)	Red (Taylor's Version)	2021-11-12	69.0	297013.0	0.473	2021-11-27	51.0
nothing new (taylor's version) (from the vault)	Red (Taylor's Version)	2021-11-12	75.0	258812.0	0.606	2021-11-27	43.0
babe (taylor's version) (from the vault)	Red (Taylor's Version)	2021-11-12	70.0	224240.0	0.584	2021-11-27	69.0
message in a bottle (taylor's version) (from the vault)	Red (Taylor's Version)	2021-11-12	74.0	225960.0	0.622	2021-11-27	45.0
i bet you think about me (taylor's version) (from the vault)	Red (Taylor's Version)	2021-11-12	74.0	285106.0	0.391	2021-11-27	22.0
forever winter (taylor's version) (from the vault)	Red (Taylor's Version)	2021-11-12	65.0	263533.0	0.611	2021-11-27	79.0
run (taylor's version) (from the vault)	Red (Taylor's Version)	2021-11-12	71.0	240226.0	0.61	2021-11-27	47.0
the very first night (taylor's version) (from the vault)	Red (Taylor's Version)	2021-11-12	72.0	200280.0	0.678	2021-11-27	61.0
state of grace (taylor's version)	Red (Taylor's Version)	2021-11-12	69.0	295413.0	0.594	2021-12-04	88.0
red (taylor's version)	Red (Taylor's Version)	2021-11-12	76.0	223093.0	0.516	2021-12-04	86.0
all too well (taylor's version)	Red (Taylor's Version)	2021-11-12	74.0	329160.0	0.44	2021-12-04	4.0
message in a bottle (taylor's version) (from the vault)	Red (Taylor's Version)	2021-11-12	74.0	225960.0	0.622	2021-12-04	74.0
i bet you think about me (taylor's version) (from the vault)	Red (Taylor's Version)	2021-11-12	74.0	285106.0	0.391	2021-12-04	70.0
all too well (taylor's version)	Red (Taylor's Version)	2021-11-12	74.0	329160.0	0.44	2021-12-11	21.0
message in a bottle (taylor's version) (from the vault)	Red (Taylor's Version)	2021-11-12	74.0	225960.0	0.622	2021-12-11	78.0
all too well (taylor's version)	Red (Taylor's Version)	2021-11-12	74.0	329160.0	0.44	2021-12-18	42.0
message in a bottle (taylor's version) (from the vault)	Red (Taylor's Version)	2021-11-12	74.0	225960.0	0.622	2021-12-18	82.0
all too well (taylor's version)	Red (Taylor's Version)	2021-11-12	74.0	329160.0	0.44	2021-12-25	59.0
message in a bottle (taylor's version) (from the vault)	Red (Taylor's Version)	2021-11-12	74.0	225960.0	0.622	2021-12-25	89.0
all too well (taylor's version)	Red (Taylor's Version)	2021-11-12	74.0	329160.0	0.44	2022-01-01	68.0
message in a bottle (taylor's version) (from the vault)	Red (Taylor's Version)	2021-11-12	74.0	225960.0	0.622	2022-01-01	93.0
all too well (taylor's version)	Red (Taylor's Version)	2021-11-12	74.0	329160.0	0.44	2022-01-08	66.0
message in a bottle (taylor's version) (from the vault)	Red (Taylor's Version)	2021-11-12	74.0	225960.0	0.622	2022-01-08	80.0
all too well (taylor's version)	Red (Taylor's Version)	2021-11-12	74.0	329160.0	0.44	2022-01-15	55.0
message in a bottle (taylor's version) (from the vault)	Red (Taylor's Version)	2021-11-12	74.0	225960.0	0.622	2022-01-15	63.0
all too well (taylor's version)	Red (Taylor's Version)	2021-11-12	74.0	329160.0	0.44	2022-01-22	82.0
message in a bottle (taylor's version) (from the vault)	Red (Taylor's Version)	2021-11-12	74.0	225960.0	0.622	2022-01-22	88.0
all too well (taylor's version)	Red (Taylor's Version)	2021-11-12	74.0	329160.0	0.44	2022-01-29	74.0
message in a bottle (taylor's version) (from the vault)	Red (Taylor's Version)	2021-11-12	74.0	225960.0	0.622	2022-01-29	73.0
all too well (taylor's version)	Red (Taylor's Version)	2021-11-12	74.0	329160.0	0.44	2022-02-05	77.0
message in a bottle (taylor's version) (from the vault)	Red (Taylor's Version)	2021-11-12	74.0	225960.0	0.622	2022-02-05	57.0
all too well (taylor's version)	Red (Taylor's Version)	2021-11-12	74.0	329160.0	0.44	2022-02-12	75.0
message in a bottle (taylor's version) (from the vault)	Red (Taylor's Version)	2021-11-12	74.0	225960.0	0.622	2022-02-12	61.0
all too well (taylor's version)	Red (Taylor's Version)	2021-11-12	74.0	329160.0	0.44	2022-02-19	84.0
message in a bottle (taylor's version) (from the vault)	Red (Taylor's Version)	2021-11-12	74.0	225960.0	0.622	2022-02-19	68.0
all too well (taylor's version)	Red (Taylor's Version)	2021-11-12	74.0	329160.0	0.44	2022-02-26	96.0
the joker and the queen	The Joker And The Queen (feat. Taylor Swift)	2022-02-11	72.0	185422.0	0.528	2022-02-26	21.0
all too well (taylor's version)	Red (Taylor's Version)	2021-11-12	74.0	329160.0	0.44	2022-03-05	99.0
the joker and the queen	The Joker And The Queen (feat. Taylor Swift)	2022-02-11	72.0	185422.0	0.528	2022-03-05	64.0
the joker and the queen	The Joker And The Queen (feat. Taylor Swift)	2022-02-11	72.0	185422.0	0.528	2022-03-12	75.0
this love (taylor's version)	This Love (Taylors Version)	2022-05-06	76.0	250100.0	0.47	2022-05-21	50.0
carolina	Carolina (From The Motion Picture Where The Crawdads Sing)	2022-06-24	72.0	264438.0	0.476	2022-07-09	60.0
lavender haze	Midnights (3am Edition)	2022-10-22	88.0	202395.0	0.735	2022-11-05	2.0
maroon	Midnights (3am Edition)	2022-10-22	88.0	218270.0	0.658	2022-11-05	3.0
anti-hero	Midnights (3am Edition)	2022-10-22	89.0	200690.0	0.638	2022-11-05	1.0
snow on the beach	Midnights (3am Edition)	2022-10-22	87.0	256124.0	0.659	2022-11-05	4.0
you're on your own, kid	Midnights (3am Edition)	2022-10-22	88.0	194206.0	0.694	2022-11-05	8.0
midnight rain	Midnights (3am Edition)	2022-10-22	88.0	174782.0	0.636	2022-11-05	5.0
question...?	Midnights (3am Edition)	2022-10-22	87.0	210556.0	0.751	2022-11-05	7.0
vigilante shit	Midnights (3am Edition)	2022-10-22	86.0	164801.0	0.87	2022-11-05	10.0
bejeweled	Midnights (3am Edition)	2022-10-22	87.0	194165.0	0.7	2022-11-05	6.0
labyrinth	Midnights (3am Edition)	2022-10-22	85.0	247962.0	0.487	2022-11-05	14.0
karma	Midnights (3am Edition)	2022-10-22	87.0	204852.0	0.649	2022-11-05	9.0
sweet nothing	Midnights (3am Edition)	2022-10-22	85.0	188496.0	0.334	2022-11-05	15.0
mastermind	Midnights (3am Edition)	2022-10-22	86.0	191039.0	0.661	2022-11-05	13.0
the great war	Midnights (3am Edition)	2022-10-22	87.0	240355.0	0.573	2022-11-05	26.0
bigger than the whole sky	Midnights (3am Edition)	2022-10-22	87.0	218502.0	0.422	2022-11-05	21.0
paris	Midnights (3am Edition)	2022-10-22	86.0	196258.0	0.7	2022-11-05	32.0
high infidelity	Midnights (3am Edition)	2022-10-22	85.0	231475.0	0.646	2022-11-05	33.0
glitch	Midnights (3am Edition)	2022-10-22	85.0	148781.0	0.675	2022-11-05	41.0
would've, could've, should've	Midnights (3am Edition)	2022-10-22	88.0	260361.0	0.483	2022-11-05	20.0
dear reader	Midnights (3am Edition)	2022-10-22	84.0	225194.0	0.562	2022-11-05	45.0
lavender haze	Midnights (3am Edition)	2022-10-22	88.0	202395.0	0.735	2022-11-12	6.0
maroon	Midnights (3am Edition)	2022-10-22	88.0	218270.0	0.658	2022-11-12	12.0
anti-hero	Midnights (3am Edition)	2022-10-22	89.0	200690.0	0.638	2022-11-12	1.0
snow on the beach	Midnights (3am Edition)	2022-10-22	87.0	256124.0	0.659	2022-11-12	16.0
you're on your own, kid	Midnights (3am Edition)	2022-10-22	88.0	194206.0	0.694	2022-11-12	20.0
midnight rain	Midnights (3am Edition)	2022-10-22	88.0	174782.0	0.636	2022-11-12	7.0
question...?	Midnights (3am Edition)	2022-10-22	87.0	210556.0	0.751	2022-11-12	32.0
vigilante shit	Midnights (3am Edition)	2022-10-22	86.0	164801.0	0.87	2022-11-12	24.0
bejeweled	Midnights (3am Edition)	2022-10-22	87.0	194165.0	0.7	2022-11-12	9.0
labyrinth	Midnights (3am Edition)	2022-10-22	85.0	247962.0	0.487	2022-11-12	42.0
karma	Midnights (3am Edition)	2022-10-22	87.0	204852.0	0.649	2022-11-12	17.0
sweet nothing	Midnights (3am Edition)	2022-10-22	85.0	188496.0	0.334	2022-11-12	45.0
mastermind	Midnights (3am Edition)	2022-10-22	86.0	191039.0	0.661	2022-11-12	38.0
the great war	Midnights (3am Edition)	2022-10-22	87.0	240355.0	0.573	2022-11-12	71.0
bigger than the whole sky	Midnights (3am Edition)	2022-10-22	87.0	218502.0	0.422	2022-11-12	68.0
paris	Midnights (3am Edition)	2022-10-22	86.0	196258.0	0.7	2022-11-12	73.0
high infidelity	Midnights (3am Edition)	2022-10-22	85.0	231475.0	0.646	2022-11-12	79.0
glitch	Midnights (3am Edition)	2022-10-22	85.0	148781.0	0.675	2022-11-12	86.0
would've, could've, should've	Midnights (3am Edition)	2022-10-22	88.0	260361.0	0.483	2022-11-12	59.0
dear reader	Midnights (3am Edition)	2022-10-22	84.0	225194.0	0.562	2022-11-12	97.0
lavender haze	Midnights (3am Edition)	2022-10-22	88.0	202395.0	0.735	2022-11-19	23.0
maroon	Midnights (3am Edition)	2022-10-22	88.0	218270.0	0.658	2022-11-19	36.0
anti-hero	Midnights (3am Edition)	2022-10-22	89.0	200690.0	0.638	2022-11-19	1.0
snow on the beach	Midnights (3am Edition)	2022-10-22	87.0	256124.0	0.659	2022-11-19	40.0
you're on your own, kid	Midnights (3am Edition)	2022-10-22	88.0	194206.0	0.694	2022-11-19	42.0
midnight rain	Midnights (3am Edition)	2022-10-22	88.0	174782.0	0.636	2022-11-19	30.0
question...?	Midnights (3am Edition)	2022-10-22	87.0	210556.0	0.751	2022-11-19	56.0
vigilante shit	Midnights (3am Edition)	2022-10-22	86.0	164801.0	0.87	2022-11-19	51.0
bejeweled	Midnights (3am Edition)	2022-10-22	87.0	194165.0	0.7	2022-11-19	33.0
labyrinth	Midnights (3am Edition)	2022-10-22	85.0	247962.0	0.487	2022-11-19	67.0
karma	Midnights (3am Edition)	2022-10-22	87.0	204852.0	0.649	2022-11-19	39.0
sweet nothing	Midnights (3am Edition)	2022-10-22	85.0	188496.0	0.334	2022-11-19	71.0
mastermind	Midnights (3am Edition)	2022-10-22	86.0	191039.0	0.661	2022-11-19	65.0
the great war	Midnights (3am Edition)	2022-10-22	87.0	240355.0	0.573	2022-11-19	87.0
bigger than the whole sky	Midnights (3am Edition)	2022-10-22	87.0	218502.0	0.422	2022-11-19	85.0
paris	Midnights (3am Edition)	2022-10-22	86.0	196258.0	0.7	2022-11-19	90.0
high infidelity	Midnights (3am Edition)	2022-10-22	85.0	231475.0	0.646	2022-11-19	98.0
would've, could've, should've	Midnights (3am Edition)	2022-10-22	88.0	260361.0	0.483	2022-11-19	76.0
